#chm	pos	gpos	snp idx	Mozabite1.0	Mozabite1.1	Yoruba1.0	Yoruba1.1	Yoruba2.0	Yoruba2.1	Yoruba3.0	Yoruba3.1	Yoruba4.0	Yoruba4.1	Yoruba5.0	Yoruba5.1	Yoruba6.0	Yoruba6.1	Yoruba7.0	Yoruba7.1	Yoruba8.0	Yoruba8.1	Yoruba9.0	Yoruba9.1	Yoruba10.0	Yoruba10.1	Yoruba11.0	Yoruba11.1	Yoruba12.0	Yoruba12.1	Yoruba13.0	Yoruba13.1	Yoruba14.0	Yoruba14.1	Yoruba15.0	Yoruba15.1	Yoruba16.0	Yoruba16.1	Yoruba17.0	Yoruba17.1	Yoruba18.0	Yoruba18.1	Yoruba19.0	Yoruba19.1	Yoruba20.0	Yoruba20.1	Yoruba21.0	Yoruba21.1	Yoruba22.0	Yoruba22.1	Palestinian1.0	Palestinian1.1	Palestinian2.0	Palestinian2.1	Palestinian3.0	Palestinian3.1	Palestinian4.0	Palestinian4.1	Palestinian5.0	Palestinian5.1	Palestinian6.0	Palestinian6.1	Palestinian7.0	Palestinian7.1	Palestinian8.0	Palestinian8.1	Palestinian9.0	Palestinian9.1	Palestinian10.0	Palestinian10.1	Palestinian11.0	Palestinian11.1	Palestinian12.0	Palestinian12.1	Palestinian13.0	Palestinian13.1	Palestinian14.0	Palestinian14.1	Palestinian15.0	Palestinian15.1	Palestinian16.0	Palestinian16.1	Palestinian17.0	Palestinian17.1	Palestinian18.0	Palestinian18.1	Palestinian19.0	Palestinian19.1	Palestinian20.0	Palestinian20.1	Palestinian21.0	Palestinian21.1	Palestinian22.0	Palestinian22.1	Palestinian23.0	Palestinian23.1	Palestinian24.0	Palestinian24.1	Palestinian25.0	Palestinian25.1	Palestinian26.0	Palestinian26.1	Palestinian27.0	Palestinian27.1	Palestinian28.0	Palestinian28.1	Palestinian29.0	Palestinian29.1	Palestinian30.0	Palestinian30.1	Palestinian31.0	Palestinian31.1	Palestinian32.0	Palestinian32.1	Palestinian33.0	Palestinian33.1	Palestinian34.0	Palestinian34.1	Palestinian35.0	Palestinian35.1	Palestinian36.0	Palestinian36.1	Palestinian37.0	Palestinian37.1	Palestinian38.0	Palestinian38.1	Palestinian39.0	Palestinian39.1	Palestinian40.0	Palestinian40.1	Palestinian41.0	Palestinian41.1	Palestinian42.0	Palestinian42.1	Palestinian43.0	Palestinian43.1	Palestinian44.0	Palestinian44.1	Palestinian45.0	Palestinian45.1	Palestinian46.0	Palestinian46.1	French1.0	French1.1	French2.0	French2.1	French3.0	French3.1	French4.0	French4.1	French5.0	French5.1	French6.0	French6.1	French7.0	French7.1	French8.0	French8.1	French9.0	French9.1	French10.0	French10.1	French11.0	French11.1	French12.0	French12.1	French13.0	French13.1	French14.0	French14.1	French15.0	French15.1	French16.0	French16.1	French17.0	French17.1	French18.0	French18.1	French19.0	French19.1	French20.0	French20.1	French21.0	French21.1	French22.0	French22.1	French23.0	French23.1	French24.0	French24.1	French25.0	French25.1	French26.0	French26.1	French27.0	French27.1	French28.0	French28.1	Druze1.0	Druze1.1	Druze2.0	Druze2.1	Druze3.0	Druze3.1	Druze4.0	Druze4.1	Druze5.0	Druze5.1	Druze6.0	Druze6.1	Druze7.0	Druze7.1	Druze8.0	Druze8.1	Druze9.0	Druze9.1	Druze10.0	Druze10.1	Druze11.0	Druze11.1	Druze12.0	Druze12.1	Druze13.0	Druze13.1	Druze14.0	Druze14.1	Druze15.0	Druze15.1	Druze16.0	Druze16.1	Druze17.0	Druze17.1	Druze18.0	Druze18.1	Druze19.0	Druze19.1	Druze20.0	Druze20.1	Druze21.0	Druze21.1	Druze22.0	Druze22.1	Druze23.0	Druze23.1	Druze24.0	Druze24.1	Druze25.0	Druze25.1	Druze26.0	Druze26.1	Druze27.0	Druze27.1	Druze28.0	Druze28.1	Druze29.0	Druze29.1	Druze30.0	Druze30.1	Druze31.0	Druze31.1	Druze32.0	Druze32.1	Druze33.0	Druze33.1	Druze34.0	Druze34.1	Druze35.0	Druze35.1	Druze36.0	Druze36.1	Druze37.0	Druze37.1	Druze38.0	Druze38.1	Druze39.0	Druze39.1	Druze40.0	Druze40.1	Druze41.0	Druze41.1	Druze42.0	Druze42.1	BergamoItalian1.0	BergamoItalian1.1	BergamoItalian2.0	BergamoItalian2.1	BergamoItalian3.0	BergamoItalian3.1	BergamoItalian4.0	BergamoItalian4.1	BergamoItalian5.0	BergamoItalian5.1	BergamoItalian6.0	BergamoItalian6.1	BergamoItalian7.0	BergamoItalian7.1	BergamoItalian8.0	BergamoItalian8.1	BergamoItalian9.0	BergamoItalian9.1	BergamoItalian10.0	BergamoItalian10.1	BergamoItalian11.0	BergamoItalian11.1	BergamoItalian12.0	BergamoItalian12.1	Biaka1.0	Biaka1.1	Biaka2.0	Biaka2.1	Biaka3.0	Biaka3.1	Biaka4.0	Biaka4.1	Biaka5.0	Biaka5.1	Biaka6.0	Biaka6.1	Biaka7.0	Biaka7.1	Biaka8.0	Biaka8.1	Biaka9.0	Biaka9.1	Biaka10.0	Biaka10.1	Biaka11.0	Biaka11.1	Biaka12.0	Biaka12.1	Biaka13.0	Biaka13.1	Biaka14.0	Biaka14.1	Biaka15.0	Biaka15.1	Biaka16.0	Biaka16.1	Biaka17.0	Biaka17.1	Biaka18.0	Biaka18.1	Biaka19.0	Biaka19.1	Biaka20.0	Biaka20.1	Biaka21.0	Biaka21.1	Biaka22.0	Biaka22.1	Bedouin1.0	Bedouin1.1	Bedouin2.0	Bedouin2.1	Bedouin3.0	Bedouin3.1	Bedouin4.0	Bedouin4.1	Bedouin5.0	Bedouin5.1	Bedouin6.0	Bedouin6.1	Bedouin7.0	Bedouin7.1	Bedouin8.0	Bedouin8.1	Bedouin9.0	Bedouin9.1	Bedouin10.0	Bedouin10.1	Bedouin11.0	Bedouin11.1	Bedouin12.0	Bedouin12.1	Bedouin13.0	Bedouin13.1	Bedouin14.0	Bedouin14.1	Bedouin15.0	Bedouin15.1	Bedouin16.0	Bedouin16.1	Bedouin17.0	Bedouin17.1	Bedouin18.0	Bedouin18.1	Bedouin19.0	Bedouin19.1	Bedouin20.0	Bedouin20.1	Bedouin21.0	Bedouin21.1	Bedouin22.0	Bedouin22.1	Bedouin23.0	Bedouin23.1	Bedouin24.0	Bedouin24.1	Bedouin25.0	Bedouin25.1	Bedouin26.0	Bedouin26.1	Bedouin27.0	Bedouin27.1	Bedouin28.0	Bedouin28.1	Bedouin29.0	Bedouin29.1	Bedouin30.0	Bedouin30.1	Bedouin31.0	Bedouin31.1	Bedouin32.0	Bedouin32.1	Bedouin33.0	Bedouin33.1	Bedouin34.0	Bedouin34.1	Bedouin35.0	Bedouin35.1	Bedouin36.0	Bedouin36.1	Bedouin37.0	Bedouin37.1	Bedouin38.0	Bedouin38.1	Bedouin39.0	Bedouin39.1	Bedouin40.0	Bedouin40.1	Bedouin41.0	Bedouin41.1	Bedouin42.0	Bedouin42.1	Bedouin43.0	Bedouin43.1	Bedouin44.0	Bedouin44.1	Bedouin45.0	Bedouin45.1	Bedouin46.0	Bedouin46.1	BantuKenya1.0	BantuKenya1.1	BantuKenya2.0	BantuKenya2.1	BantuKenya3.0	BantuKenya3.1	BantuKenya4.0	BantuKenya4.1	BantuKenya5.0	BantuKenya5.1	BantuKenya6.0	BantuKenya6.1	BantuKenya7.0	BantuKenya7.1	BantuKenya8.0	BantuKenya8.1	BantuKenya9.0	BantuKenya9.1	BantuKenya10.0	BantuKenya10.1	BantuKenya11.0	BantuKenya11.1	BantuSouthAfrica1.0	BantuSouthAfrica1.1	BantuSouthAfrica2.0	BantuSouthAfrica2.1	BantuSouthAfrica3.0	BantuSouthAfrica3.1	BantuSouthAfrica4.0	BantuSouthAfrica4.1	BantuSouthAfrica5.0	BantuSouthAfrica5.1	BantuSouthAfrica6.0	BantuSouthAfrica6.1	BantuSouthAfrica7.0	BantuSouthAfrica7.1	BantuSouthAfrica8.0	BantuSouthAfrica8.1
3	21068	0.00213	0	0.61767	0.52466
3	120099	0.05814	5	0.73032	0.33130
3	232304	0.15896	10	0.81011	0.34370
3	296191	0.21202	15	0.77191	0.31616
3	355227	0.36098	20	0.72283	0.25972
3	466878	0.68271	25	0.76883	0.32684
3	574199	0.76660	30	0.66708	0.39662
3	704185	0.98645	35	0.63573	0.59587
3	807119	1.08107	40	0.66320	0.84548
3	835416	1.09001	45	0.54050	0.78993
3	921698	1.26795	50	0.41895	0.82746
3	993313	1.36546	55	0.29203	0.81274
3	1076528	1.50082	60	0.17238	0.75264
3	1204391	1.82814	65	0.29347	0.85613
3	1255491	1.89205	70	0.45796	0.76809
3	1355730	2.18726	75	0.60356	0.79290
3	1429497	2.41378	80	0.66865	0.79028
3	1495221	2.64956	85	0.79716	0.92708
3	1523582	2.66072	90	0.74524	0.79352
3	1618959	2.88465	95	0.78230	0.81322
3	1674807	3.06387	100	0.88169	0.91231
3	1711877	3.09222	105	0.80909	0.82504
3	1819338	3.24641	110	0.89121	0.92808
3	1855021	3.26486	115	0.82777	0.83510
3	1947920	3.38851	120	0.84451	0.85027
3	1988835	3.45730	125	0.78976	0.77742
3	2096706	3.66028	130	0.77743	0.72580
3	2167148	3.93728	135	0.86436	0.33246
3	2287191	4.02253	140	0.84315	0.12761
3	2336086	4.14202	145	0.77590	0.26581
3	2457076	4.41410	150	0.75010	0.56466
3	2565485	4.73444	155	0.72015	0.69979
3	2606683	4.98318	160	0.42250	0.79643
3	2649799	5.08200	165	0.18130	0.70384
3	2719381	5.42407	170	0.34227	0.61794
3	2877060	6.30359	175	0.51004	0.64862
3	3009533	7.01415	180	0.65081	0.76854
3	3040275	7.16871	185	0.60341	0.66039
3	3105992	7.87690	190	0.66961	0.73365
3	3205884	8.21724	195	0.70583	0.78613
3	3271391	8.39766	200	0.69836	0.78053
3	3341337	8.59585	205	0.71893	0.81735
3	3377075	8.71106	210	0.72781	0.86213
3	3435818	8.75754	215	0.67986	0.80445
3	3509669	8.88678	220	0.62865	0.69940
3	3572227	9.35837	225	0.67921	0.78630
3	3637116	9.44968	230	0.64136	0.70703
3	3731299	9.77877	235	0.64316	0.70457
3	3913686	10.12282	240	0.70631	0.80301
3	3977953	10.16737	245	0.49588	0.73304
3	4113353	10.49120	250	0.29564	0.87087
3	4176036	10.51025	255	0.18319	0.88389
3	4242624	10.53451	260	0.15236	0.88602
3	4300669	10.55319	265	0.14312	0.84436
3	4338732	10.59498	270	0.35411	0.75390
3	4501779	10.88281	275	0.75195	0.80483
3	4540543	11.01161	280	0.72366	0.67568
3	4604372	11.28814	285	0.68277	0.48423
3	4730461	11.75173	290	0.63483	0.27875
3	4861608	12.48481	295	0.70228	0.29116
3	4966742	12.71903	300	0.63717	0.34034
3	5084816	13.35937	305	0.67964	0.63226
3	5190141	13.62806	310	0.70779	0.72417
3	5280125	13.87945	315	0.78568	0.79511
3	5332427	13.99768	320	0.75342	0.76048
3	5406870	14.22488	325	0.73787	0.72738
3	5505496	14.51252	330	0.72869	0.71492
3	5587176	14.87817	335	0.86334	0.84263
3	5634779	14.90040	340	0.68942	0.67088
3	5768175	15.44901	345	0.74857	0.70551
3	5891295	15.67828	350	0.77091	0.73670
3	5917065	15.69681	355	0.49967	0.60752
3	5977581	15.73684	360	0.21104	0.36606
3	6100392	16.13449	365	0.31498	0.19439
3	6175875	16.21033	370	0.34812	0.16615
3	6194351	16.35212	375	0.44627	0.47551
3	6345935	16.50001	380	0.49733	0.66997
3	6476353	16.92739	385	0.72700	0.86543
3	6592666	16.95461	390	0.85138	0.89438
3	6662074	16.97929	395	0.80634	0.81906
3	6729388	17.11243	400	0.81833	0.84732
3	6765836	17.17010	405	0.66333	0.66864
3	6920761	17.79567	410	0.64946	0.64595
3	7082380	18.57145	415	0.88622	0.81246
3	7122536	18.59731	420	0.79757	0.50122
3	7271510	18.74269	425	0.73429	0.16737
3	7413925	19.00879	430	0.68938	0.27224
3	7610131	19.48035	435	0.74559	0.54252
3	7655639	19.69581	440	0.78567	0.72116
3	7758211	19.75922	445	0.73248	0.75720
3	7844815	19.95763	450	0.76693	0.86203
3	7901474	19.98763	455	0.71763	0.87734
3	7938746	20.00589	460	0.59420	0.75406
3	8040921	20.22387	465	0.54770	0.56730
3	8180151	20.40691	470	0.46932	0.16535
3	8327848	20.82103	475	0.36121	0.36972
3	8527939	21.07324	480	0.27851	0.48139
3	8752038	22.42963	485	0.51456	0.67424
3	8830723	22.66105	490	0.66746	0.78418
3	8932960	22.74672	495	0.72367	0.74451
3	9052613	22.94937	500	0.64515	0.65643
3	9216293	23.64302	505	0.72515	0.73191
3	9303507	23.89611	510	0.78835	0.76390
3	9497676	24.01184	515	0.71957	0.70178
3	9720256	24.39205	520	0.76272	0.75242
3	9907963	24.60127	525	0.78031	0.78115
3	10148893	24.76768	530	0.75611	0.74868
3	10208487	25.01686	535	0.76443	0.76175
3	10368213	25.19641	540	0.66395	0.68027
3	10597961	25.76110	545	0.69270	0.72687
3	10666798	26.10455	550	0.71187	0.75002
3	10801254	26.37040	555	0.64154	0.66720
3	11031563	27.02566	560	0.66577	0.68992
3	11244534	27.58506	565	0.84227	0.91035
3	11377034	27.60314	570	0.78086	0.93604
3	11431293	27.60927	575	0.45737	0.90866
3	11490529	27.61640	580	0.16580	0.78078
3	11615475	27.78122	585	0.22207	0.76116
3	11656213	27.86156	590	0.38081	0.61211
3	11882592	28.58563	595	0.63548	0.67911
3	11923666	28.74871	600	0.73042	0.73179
3	12015369	28.86829	605	0.79715	0.80652
3	12292833	28.93007	610	0.86825	0.87963
3	12317550	28.93953	615	0.80141	0.80186
3	12488093	29.09410	620	0.90089	0.88173
3	12615568	29.11697	625	0.90300	0.91154
3	12704918	29.13189	630	0.84783	0.88408
3	12785168	29.17073	635	0.70315	0.75895
3	12974039	29.44925	640	0.64625	0.71833
3	13107843	29.83587	645	0.60994	0.71206
3	13221250	30.24962	650	0.58077	0.73974
3	13295784	30.59081	655	0.56988	0.87983
3	13408519	30.61271	660	0.47670	0.75600
3	13528912	30.84723	665	0.49655	0.73093
3	13637024	31.17893	670	0.52268	0.80685
3	13759489	31.29647	675	0.45900	0.73414
3	13866457	31.65625	680	0.49020	0.86149
3	13972714	31.68705	685	0.57423	0.80623
3	14231617	31.79885	690	0.59133	0.75593
3	14303991	31.97018	695	0.66632	0.73397
3	14336132	32.01030	700	0.64851	0.44370
3	14405382	32.14455	705	0.59977	0.22242
3	14490278	32.73041	710	0.67420	0.29441
3	14555591	32.91047	715	0.71658	0.47082
3	14614218	33.06457	720	0.70181	0.56787
3	14698806	33.24532	725	0.68024	0.57669
3	14815184	33.57689	730	0.78630	0.66733
3	14866931	33.62554	735	0.80961	0.76408
3	14909999	33.64590	740	0.68200	0.71127
3	15189803	33.93460	745	0.58869	0.71649
3	15359019	34.23037	750	0.55246	0.80118
3	15676107	34.32479	755	0.47688	0.88143
3	15773228	34.33404	760	0.28266	0.84703
3	15957234	34.38524	765	0.23042	0.81322
3	16030564	34.40000	770	0.18379	0.68053
3	16150008	34.65488	775	0.40743	0.65407
3	16273441	34.88194	780	0.77514	0.67213
3	16363913	34.97580	785	0.76439	0.67508
3	16508387	35.22494	790	0.85509	0.77491
3	16583861	35.27749	795	0.90236	0.83640
3	16617008	35.28886	800	0.76431	0.74001
3	16665629	35.52817	805	0.77019	0.74228
3	16885663	35.71240	810	0.80790	0.76907
3	17085213	35.79587	815	0.74566	0.72627
3	17151856	36.08885	820	0.82712	0.82346
3	17349847	36.17947	825	0.90778	0.54685
3	17503256	36.18961	830	0.82074	0.11578
3	17897967	36.30441	835	0.84761	0.16779
3	18079938	36.35263	840	0.80349	0.45296
3	18392474	36.50037	845	0.74545	0.71184
3	18578792	36.86014	850	0.90488	0.90248
3	18654369	36.88720	855	0.94552	0.94420
3	18687285	36.89546	860	0.92948	0.90963
3	18725912	36.90714	865	0.73549	0.73988
3	18981520	37.30585	870	0.79654	0.81520
3	19058743	37.46870	875	0.75785	0.76487
3	19289001	37.77884	880	0.86316	0.85468
3	19378381	37.83204	885	0.84061	0.82794
3	19557054	37.88931	890	0.76065	0.76768
3	19781550	38.09059	895	0.69615	0.81685
3	19946983	38.16759	900	0.31847	0.79985
3	20047857	38.29729	905	0.14709	0.81408
3	20106535	38.42542	910	0.18782	0.91776
3	20157893	38.44954	915	0.29077	0.92844
3	20255401	38.46902	920	0.42435	0.94700
3	20290954	38.47920	925	0.66705	0.86166
3	20390827	38.56918	930	0.82405	0.91373
3	20451695	38.59907	935	0.89201	0.92221
3	20507699	38.62207	940	0.83450	0.87027
3	20640642	38.69164	945	0.70636	0.76726
3	20842620	38.99654	950	0.70900	0.91248
3	20897799	39.02094	955	0.66999	0.77863
3	21041855	39.29422	960	0.70728	0.90560
3	21083541	39.31438	965	0.70791	0.84018
3	21230630	39.39479	970	0.72583	0.87643
3	21284704	39.41558	975	0.69069	0.88233
3	21353355	39.44514	980	0.58682	0.79007
3	21446820	39.64711	985	0.57017	0.73538
3	21606801	40.04681	990	0.62760	0.87751
3	21643756	40.09281	995	0.64155	0.85492
3	21680002	40.10984	1000	0.64957	0.40033
3	21743014	40.21152	1005	0.72045	0.12814
3	21762904	40.39750	1010	0.80010	0.24266
3	21803198	40.45015	1015	0.75155	0.50928
3	21836619	40.66287	1020	0.79291	0.73126
3	21891334	40.78189	1025	0.86334	0.82479
3	21921185	40.82505	1030	0.91919	0.86171
3	21955567	40.83678	1035	0.91613	0.68520
3	21974770	40.84285	1040	0.77040	0.31000
3	22076244	41.09606	1045	0.77515	0.23157
3	22129805	41.30107	1050	0.76114	0.27447
3	22257203	41.56195	1055	0.79156	0.39567
3	22386196	41.74955	1060	0.86788	0.53130
3	22463970	41.78478	1065	0.82823	0.67419
3	22532768	41.82233	1070	0.72637	0.73211
3	22639404	42.08312	1075	0.79679	0.87516
3	22743506	42.10712	1080	0.79562	0.88224
3	22849324	42.13936	1085	0.78782	0.86368
3	22931621	42.18029	1090	0.75506	0.75830
3	23162604	42.34863	1095	0.86236	0.78978
3	23265174	42.37219	1100	0.94704	0.78630
3	23300804	42.37587	1105	0.92228	0.72182
3	23426191	42.39338	1110	0.89947	0.52376
3	23596637	42.41887	1115	0.68162	0.21489
3	23727030	43.05085	1120	0.73709	0.27187
3	24009945	43.37680	1125	0.87244	0.53901
3	24116448	43.40653	1130	0.81271	0.65865
3	24170181	43.55231	1135	0.76326	0.68436
3	24264811	43.81009	1140	0.72582	0.69505
3	24428302	44.14882	1145	0.71959	0.71855
3	24579111	44.42822	1150	0.65676	0.66720
3	24765833	45.00755	1155	0.71625	0.73590
3	24872233	45.26093	1160	0.79218	0.80126
3	24978257	45.34466	1165	0.77782	0.73351
3	25084684	45.52931	1170	0.85049	0.76443
3	25138797	45.56675	1175	0.76892	0.62378
3	25210455	45.59443	1180	0.50975	0.22562
3	25362249	45.79449	1185	0.27281	0.18250
3	25477342	46.27241	1190	0.20038	0.44670
3	25583562	46.43692	1195	0.39941	0.64375
3	25802858	46.64386	1200	0.65596	0.69167
3	26166914	46.93211	1205	0.80012	0.76577
3	26359815	47.08163	1210	0.86227	0.82841
3	26494692	47.13828	1215	0.76417	0.75305
3	26533022	47.41056	1220	0.82911	0.80217
3	26642741	47.51590	1225	0.87152	0.78589
3	26710002	47.57419	1230	0.79625	0.74070
3	26842171	47.77608	1235	0.74486	0.72179
3	26997712	48.14737	1240	0.89688	0.87027
3	27060608	48.17931	1245	0.91374	0.87804
3	27162135	48.20150	1250	0.68395	0.79914
3	27259443	48.21294	1255	0.37395	0.45011
3	27471404	48.24025	1260	0.17125	0.17332
3	27699231	48.55873	1265	0.30436	0.29155
3	27850777	48.85178	1270	0.51605	0.54486
3	27933772	48.96844	1275	0.68467	0.69158
3	28061011	49.30299	1280	0.79879	0.77934
3	28222225	49.46668	1285	0.89180	0.83372
3	28529376	49.49523	1290	0.76432	0.74946
3	28711607	49.77190	1295	0.84439	0.83101
3	28777632	49.81763	1300	0.75152	0.75891
3	28912295	50.02445	1305	0.67768	0.73470
3	29071702	50.25735	1310	0.51481	0.68327
3	29181869	50.67975	1315	0.34624	0.75239
3	29242592	50.78754	1320	0.21186	0.68954
3	29335735	51.12132	1325	0.28690	0.70018
3	29384715	51.36573	1330	0.48541	0.73983
3	29453091	51.50306	1335	0.63350	0.72494
3	29643763	51.62306	1340	0.59054	0.37218
3	29840585	52.09495	1345	0.57809	0.15977
3	30033298	52.38369	1350	0.56406	0.32853
3	30076407	52.41464	1355	0.43562	0.50875
3	30205642	52.64700	1360	0.26035	0.69636
3	30218431	52.65329	1365	0.16864	0.70201
3	30332375	52.93759	1370	0.22562	0.83982
3	30365101	52.95213	1375	0.39868	0.80837
3	30396232	53.01591	1380	0.61257	0.78003
3	30489637	53.14708	1385	0.74981	0.76005
3	30544462	53.37642	1390	0.77686	0.77777
3	30641455	53.54223	1395	0.76097	0.75061
3	30745195	53.75438	1400	0.80994	0.78291
3	30807497	53.84999	1405	0.80466	0.77084
3	30958026	53.96857	1410	0.77445	0.75046
3	31187710	54.14891	1415	0.75750	0.74379
3	31313384	54.37912	1420	0.81035	0.79106
3	31461943	54.48832	1425	0.82619	0.80049
3	31557224	54.56542	1430	0.67417	0.61492
3	31683221	54.63601	1435	0.35895	0.55082
3	31852647	55.14536	1440	0.22794	0.55978
3	32005844	55.44101	1445	0.20269	0.62469
3	32165114	55.57877	1450	0.57220	0.70483
3	32241786	55.87399	1455	0.75892	0.77420
3	32305054	55.99371	1460	0.65990	0.65723
3	32389253	56.47700	1465	0.70666	0.70229
3	32557335	56.60735	1470	0.74924	0.77745
3	32655859	56.74773	1475	0.73418	0.75354
3	32923431	57.03080	1480	0.82801	0.85386
3	32978543	57.09763	1485	0.83900	0.86357
3	33037282	57.16711	1490	0.85208	0.88296
3	33098666	57.21690	1495	0.76940	0.77904
3	33254043	57.46347	1500	0.87831	0.88073
3	33383044	57.49512	1505	0.91188	0.90104
3	33677232	57.52347	1510	0.88785	0.88671
3	33868119	57.57943	1515	0.83160	0.83308
3	33935898	57.71061	1520	0.75718	0.79549
3	34118895	57.92379	1525	0.66859	0.84254
3	34257589	58.02615	1530	0.40492	0.83617
3	34503161	58.12014	1535	0.24389	0.79651
3	34682094	58.16311	1540	0.13477	0.40559
3	34830684	58.34087	1545	0.27787	0.09544
3	35051057	58.40073	1550	0.43719	0.20553
3	35200020	58.47147	1555	0.47822	0.34245
3	35304965	58.62034	1560	0.52861	0.49731
3	35520615	58.70619	1565	0.60435	0.63968
3	35618846	58.73886	1570	0.67195	0.64252
3	35889582	58.90661	1575	0.70733	0.66878
3	35979801	59.01327	1580	0.72171	0.68632
3	36056246	59.14218	1585	0.73232	0.73092
3	36112342	59.16326	1590	0.40793	0.48838
3	36228797	59.22682	1595	0.30735	0.16582
3	36260053	59.24076	1600	0.16540	0.12698
3	36322877	59.30150	1605	0.13710	0.21135
3	36422783	59.39821	1610	0.30360	0.50535
3	36585180	59.59374	1615	0.53857	0.71837
3	36680840	59.66473	1620	0.68062	0.73133
3	36880983	60.06191	1625	0.81666	0.88455
3	37058297	60.10713	1630	0.78993	0.88850
3	37365998	60.12619	1635	0.74060	0.78458
3	37572330	60.33448	1640	0.78941	0.82529
3	37751489	60.44411	1645	0.74683	0.75562
3	38071679	60.76023	1650	0.86971	0.81269
3	38220405	60.80761	1655	0.67410	0.45303
3	38307878	60.84535	1660	0.10026	0.13251
3	38402807	61.05193	1665	0.54912	0.22031
3	38532746	61.06134	1670	0.72287	0.38502
3	38639903	61.35196	1675	0.71036	0.56607
3	38886363	61.77055	1680	0.88578	0.68450
3	38954175	61.78387	1685	0.91262	0.72345
3	39089757	61.79649	1690	0.81847	0.69572
3	39229905	61.91108	1695	0.80541	0.70705
3	39377053	62.03733	1700	0.82709	0.59260
3	39472661	62.10834	1705	0.76439	0.26961
3	39651102	62.33022	1710	0.76943	0.14340
3	39831873	62.54792	1715	0.88018	0.41271
3	39890024	62.56358	1720	0.82303	0.62831
3	40060684	62.68170	1725	0.82921	0.77979
3	40202841	62.78001	1730	0.85928	0.85363
3	40438798	62.82468	1735	0.80597	0.83469
3	40651136	62.89621	1740	0.68009	0.70005
3	41007308	63.42305	1745	0.74949	0.78577
3	41201372	63.62523	1750	0.81627	0.85684
3	41357427	63.70923	1755	0.85094	0.89102
3	41433339	63.75290	1760	0.87843	0.92345
3	41488151	63.77623	1765	0.93443	0.96290
3	41515891	63.78130	1770	0.91332	0.94846
3	41560509	63.79177	1775	0.85525	0.88626
3	41694917	63.84981	1780	0.89183	0.95187
3	41732954	63.85845	1785	0.89533	0.95256
3	41801762	63.86718	1790	0.91301	0.97883
3	41823984	63.86874	1795	0.89764	0.96798
3	41924155	63.87244	1800	0.86340	0.93720
3	42025141	63.88749	1805	0.84140	0.90990
3	42076684	63.91991	1810	0.72955	0.84373
3	42201329	64.03436	1815	0.57599	0.83703
3	42279697	64.15701	1820	0.38426	0.80485
3	42368592	64.34868	1825	0.22287	0.73738
3	42526594	64.76344	1830	0.30517	0.83328
3	42769134	64.89159	1835	0.44482	0.84629
3	43074006	65.00401	1840	0.58156	0.78821
3	43210715	65.25018	1845	0.70021	0.89239
3	43396071	65.29375	1850	0.78140	0.93048
3	43549642	65.30098	1855	0.82625	0.87911
3	43722484	65.33298	1860	0.78619	0.78340
3	43917385	65.48865	1865	0.68217	0.65889
3	44111329	66.07856	1870	0.78717	0.69956
3	44335133	66.22850	1875	0.84524	0.72080
3	44600334	66.24898	1880	0.78498	0.72269
3	44932188	66.30813	1885	0.66126	0.79142
3	45014181	66.31290	1890	0.30531	0.69787
3	45134667	66.74214	1895	0.13828	0.80202
3	45164919	66.81810	1900	0.22251	0.85122
3	45250752	66.88724	1905	0.57888	0.87012
3	45339648	66.94895	1910	0.77568	0.85051
3	45462401	67.04086	1915	0.79941	0.84256
3	45650101	67.14722	1920	0.74492	0.76404
3	45859472	67.45470	1925	0.86700	0.88446
3	45964793	67.50376	1930	0.91567	0.92827
3	46055306	67.52442	1935	0.88036	0.90157
3	46177389	67.56519	1940	0.82513	0.91691
3	46288153	67.58826	1945	0.56842	0.85691
3	46470479	67.66993	1950	0.28133	0.89431
3	46554266	67.69547	1955	0.12865	0.79788
3	46656569	67.84345	1960	0.25727	0.62030
3	46792394	67.91831	1965	0.53908	0.06563
3	47001223	67.98135	1970	0.82109	0.18902
3	47253280	67.98689	1975	0.85265	0.53836
3	47915016	68.04069	1980	0.86750	0.74311
3	48332587	68.06201	1985	0.81574	0.77679
3	48978623	68.16737	1990	0.86609	0.91538
3	49347984	68.18088	1995	0.83954	0.92699
3	49693192	68.19627	2000	0.77956	0.91812
3	49860885	68.21475	2005	0.81368	0.92283
3	50004394	68.21826	2010	0.77696	0.86147
3	50515725	68.27996	2015	0.80730	0.91153
3	50706438	68.29076	2020	0.82788	0.93159
3	50782330	68.29745	2025	0.83547	0.95731
3	50919926	68.29745	2030	0.82820	0.94718
3	51122270	68.30160	2035	0.79293	0.89116
3	51365915	68.31656	2040	0.73019	0.74285
3	51913494	68.49211	2045	0.75972	0.76088
3	52057238	68.55453	2050	0.72888	0.73293
3	52584303	68.72312	2055	0.77362	0.79196
3	52867958	68.76483	2060	0.78265	0.86560
3	53040247	68.78600	2065	0.69233	0.76644
3	53203337	69.01083	2070	0.70482	0.80953
3	53419076	69.08250	2075	0.58821	0.72525
3	53606536	69.36977	2080	0.57964	0.73559
3	53732185	69.53318	2085	0.52952	0.71902
3	53912807	69.73829	2090	0.51728	0.65004
3	54200695	70.29239	2095	0.57518	0.68813
3	54333805	70.47984	2100	0.57957	0.58556
3	54432208	70.63332	2105	0.59394	0.26544
3	54634733	71.22408	2110	0.69279	0.22778
3	54882745	71.52103	2115	0.74938	0.37983
3	54996818	71.66824	2120	0.70349	0.46283
3	55164432	71.91455	2125	0.60720	0.50442
3	55292884	72.16702	2130	0.44782	0.53987
3	55468223	72.44238	2135	0.24746	0.57468
3	55666451	72.85697	2140	0.23617	0.70373
3	55801995	73.20920	2145	0.52899	0.78757
3	55915244	73.29306	2150	0.70948	0.75677
3	56146860	73.36996	2155	0.88753	0.75397
3	56212941	73.38458	2160	0.90650	0.72256
3	56272112	73.40631	2165	0.83163	0.67603
3	56428358	73.51641	2170	0.84181	0.71635
3	56571962	73.59713	2175	0.86051	0.73059
3	56722728	73.61874	2180	0.77268	0.69924
3	56816160	73.80103	2185	0.80426	0.71821
3	56915890	73.88575	2190	0.77138	0.67670
3	57020243	74.06760	2195	0.80276	0.68872
3	57103783	74.18867	2200	0.86883	0.73645
3	57168981	74.23106	2205	0.86972	0.76909
3	57370862	74.28354	2210	0.87887	0.78578
3	57530852	74.30680	2215	0.86156	0.76050
3	57747036	74.32123	2220	0.79316	0.60524
3	58031387	74.40134	2225	0.76101	0.50081
3	58144872	74.51977	2230	0.76479	0.54448
3	58322102	74.64661	2235	0.87584	0.58735
3	58378815	74.65232	2240	0.85319	0.54188
3	58483273	74.67483	2245	0.73594	0.53165
3	58644498	75.02283	2250	0.76381	0.59619
3	58839769	75.29816	2255	0.85985	0.71252
3	59168803	75.35946	2260	0.75861	0.67412
3	59373819	75.64523	2265	0.76863	0.67386
3	59432006	75.85892	2270	0.79923	0.65264
3	59476147	75.99150	2275	0.79199	0.48238
3	59528104	76.13883	2280	0.75191	0.18956
3	59700990	76.39877	2285	0.75619	0.24648
3	59781121	76.66161	2290	0.77720	0.44985
3	59834378	76.85089	2295	0.77115	0.61776
3	59911822	76.99812	2300	0.76828	0.44499
3	59961204	77.13229	2305	0.81336	0.18862
3	59988077	77.15482	2310	0.71761	0.15458
3	60097501	77.49353	2315	0.82210	0.50164
3	60126632	77.52940	2320	0.76992	0.70371
3	60172611	77.75066	2325	0.83933	0.80345
3	60208331	77.80477	2330	0.72849	0.72596
3	60341468	78.14091	2335	0.72795	0.72551
3	60438572	78.43665	2340	0.71703	0.71766
3	60579412	78.77357	2345	0.71490	0.71778
3	60701716	79.09611	2350	0.72645	0.68627
3	60799316	79.37415	2355	0.76711	0.49798
3	60938283	79.54134	2360	0.80383	0.20617
3	61037683	79.63325	2365	0.81938	0.11043
3	61103797	79.72218	2370	0.86595	0.34671
3	61156768	79.75397	2375	0.86271	0.56680
3	61207655	79.76897	2380	0.73070	0.59874
3	61287890	79.78529	2385	0.41413	0.57227
3	61465830	80.09364	2390	0.16385	0.60951
3	61591822	80.26453	2395	0.22263	0.69312
3	61668681	80.37414	2400	0.34622	0.69498
3	61830767	80.68542	2405	0.49734	0.78973
3	61938771	80.75270	2410	0.59929	0.78038
3	62008677	80.91429	2415	0.57031	0.77699
3	62124692	81.11943	2420	0.54456	0.77574
3	62241030	81.32515	2425	0.52592	0.69880
3	62488624	81.88503	2430	0.54674	0.71120
3	62622446	82.41080	2435	0.60643	0.79741
3	62690009	82.60341	2440	0.69770	0.82823
3	62740194	82.64397	2445	0.69456	0.50055
3	62844201	82.74831	2450	0.65859	0.16264
3	63000389	83.05238	2455	0.71838	0.26477
3	63105754	83.13163	2460	0.72756	0.44890
3	63258013	83.23927	2465	0.77796	0.67916
3	63338708	83.27096	2470	0.72576	0.72154
3	63417772	83.44157	2475	0.62827	0.47476
3	63528806	84.04758	2480	0.66999	0.20128
3	63650906	84.33880	2485	0.77618	0.26841
3	63728070	84.50942	2490	0.86661	0.40173
3	63811862	84.53903	2495	0.83712	0.51088
3	64095560	84.60737	2500	0.74081	0.60153
3	64252646	84.89208	2505	0.75402	0.71240
3	64293807	85.07238	2510	0.74353	0.72379
3	64405184	85.25133	2515	0.73536	0.75392
3	64448805	85.30727	2520	0.62150	0.64982
3	64578092	85.83202	2525	0.64293	0.66238
3	64722438	86.15627	2530	0.71137	0.69702
3	64847777	86.26219	2535	0.73995	0.73458
3	64936583	86.38903	2540	0.77786	0.73108
3	65007641	86.51389	2545	0.80681	0.68570
3	65068782	86.59796	2550	0.73327	0.44342
3	65177569	86.69587	2555	0.48858	0.15683
3	65354690	87.02113	2560	0.45958	0.38802
3	65581280	87.36536	2565	0.21432	0.73457
3	65729007	87.51836	2570	0.21259	0.68404
3	65868503	88.05823	2575	0.36642	0.78087
3	65999802	88.17794	2580	0.65352	0.81140
3	66092736	88.26799	2585	0.74824	0.78093
3	66311094	88.43636	2590	0.76053	0.81539
3	66453640	88.49960	2595	0.62208	0.65770
3	66666546	89.18699	2600	0.66515	0.75323
3	66714895	89.33661	2605	0.51431	0.77832
3	66837834	89.48065	2610	0.30498	0.81015
3	66896007	89.55551	2615	0.12513	0.74569
3	67230541	89.72888	2620	0.46175	0.68905
3	67378853	90.11858	2625	0.72398	0.72433
3	67533247	90.37607	2630	0.82502	0.79560
3	67640202	90.43398	2635	0.57669	0.70586
3	67871155	90.86548	2640	0.36358	0.82012
3	67956458	90.96570	2645	0.14538	0.84347
3	68087404	91.06901	2650	0.28022	0.92447
3	68149975	91.08605	2655	0.38476	0.72622
3	68336377	91.55871	2660	0.49041	0.88819
3	68420186	91.60521	2665	0.58348	0.89889
3	68504219	91.64421	2670	0.60797	0.81811
3	68761925	91.81126	2675	0.66594	0.93898
3	68830075	91.82338	2680	0.63417	0.85756
3	68961340	91.91693	2685	0.57810	0.86543
3	69100977	91.99496	2690	0.71513	0.85263
3	69193107	92.08017	2695	0.68259	0.73204
3	69306766	92.51640	2700	0.79638	0.89519
3	69375330	92.55570	2705	0.76991	0.84055
3	69439893	92.66457	2710	0.72917	0.78323
3	69597847	92.91321	2715	0.80841	0.92089
3	69659961	92.92838	2720	0.74350	0.79964
3	69777850	93.11237	2725	0.81038	0.82691
3	69813002	93.12841	2730	0.82561	0.65518
3	70007846	93.17412	2735	0.80712	0.39191
3	70112418	93.21236	2740	0.47442	0.21119
3	70271636	93.44073	2745	0.27568	0.33980
3	70323984	93.55996	2750	0.20218	0.34006
3	70447769	93.80256	2755	0.30096	0.36601
3	70576693	93.94389	2760	0.54735	0.50598
3	70639762	94.01699	2765	0.68313	0.55463
3	70980257	94.21639	2770	0.75054	0.59172
3	71155530	94.37864	2775	0.69933	0.56313
3	71331186	94.80343	2780	0.76257	0.58610
3	71522516	94.99485	2785	0.67373	0.56645
3	71672587	95.65793	2790	0.75774	0.62521
3	71775534	95.89215	2795	0.75653	0.65214
3	71870123	96.16767	2800	0.86227	0.71525
3	71921134	96.21717	2805	0.73123	0.64332
3	72062446	96.57163	2810	0.64697	0.58374
3	72239594	97.29112	2815	0.67140	0.60698
3	72298328	97.61294	2820	0.53107	0.59681
3	72432310	97.80364	2825	0.21766	0.49334
3	72598282	98.40781	2830	0.30828	0.51115
3	72693476	98.70781	2835	0.57805	0.50493
3	72898830	98.92169	2840	0.66584	0.50609
3	73028685	99.15617	2845	0.75109	0.51541
3	73157969	99.23261	2850	0.68262	0.50422
3	73331315	99.55714	2855	0.68829	0.54627
3	73424580	99.90122	2860	0.76005	0.63649
3	73494612	100.04324	2865	0.75468	0.68700
3	73618371	100.27502	2870	0.74255	0.67873
3	73810458	100.57291	2875	0.77057	0.69556
3	73862947	100.67699	2880	0.67979	0.63095
3	74068208	101.13364	2885	0.73113	0.67909
3	74214743	101.25554	2890	0.64786	0.66783
3	74296042	101.47138	2895	0.49127	0.61239
3	74468299	101.85771	2900	0.32557	0.61317
3	74620999	102.19370	2905	0.23142	0.67877
3	74724535	102.25697	2910	0.13368	0.70574
3	74854753	102.30579	2915	0.19697	0.78315
3	75004214	102.32099	2920	0.58500	0.73283
3	75103139	102.32547	2925	0.75840	0.54867
3	75272470	102.35468	2930	0.44324	0.29508
3	75349908	102.55415	2935	0.12258	0.14100
3	75426519	102.69537	2940	0.15679	0.28532
3	75488558	102.72404	2945	0.35666	0.44466
3	75519141	102.73339	2950	0.73892	0.56640
3	75557180	102.74407	2955	0.80462	0.63622
3	75670821	102.91157	2960	0.91979	0.85801
3	75726749	102.92789	2965	0.94931	0.84720
3	75772121	102.93380	2970	0.91889	0.23634
3	75857785	102.94975	2975	0.85287	0.10407
3	75945450	103.02061	2980	0.86189	0.20317
3	76045322	103.06892	2985	0.80404	0.42096
3	76109796	103.21805	2990	0.79047	0.62473
3	76214912	103.37340	2995	0.82565	0.81799
3	76328762	103.41321	3000	0.68343	0.84770
3	76421982	103.45265	3005	0.39620	0.80376
3	76486356	103.54185	3010	0.12939	0.77886
3	76644598	103.66856	3015	0.28667	0.78515
3	76749691	103.78469	3020	0.37701	0.78893
3	76843794	103.89915	3025	0.35047	0.75865
3	76899437	104.05299	3030	0.28207	0.75786
3	76949030	104.10200	3035	0.21329	0.66966
3	77165131	104.61263	3040	0.32474	0.78870
3	77240078	104.63293	3045	0.52674	0.79042
3	77337984	104.72497	3050	0.81003	0.80366
3	77378815	104.74474	3055	0.71410	0.57411
3	77548250	104.95950	3060	0.57296	0.25721
3	77693085	105.04170	3065	0.10872	0.12225
3	77782558	105.22691	3070	0.28933	0.38559
3	77912353	105.25179	3075	0.64025	0.67264
3	78298838	105.51823	3080	0.85344	0.83798
3	78379398	105.54489	3085	0.87334	0.82235
3	78503082	105.58301	3090	0.80042	0.77260
3	78712654	105.72807	3095	0.76594	0.75033
3	79265298	105.97015	3100	0.84091	0.82706
3	79577046	106.03808	3105	0.76761	0.83126
3	79792613	106.13536	3110	0.56045	0.81296
3	79926550	106.16834	3115	0.20142	0.45297
3	80037884	106.17765	3120	0.12481	0.13592
3	80311514	106.24392	3125	0.18860	0.14171
3	80366092	106.27517	3130	0.49370	0.16074
3	80409113	106.28193	3135	0.51026	0.21996
3	80509144	106.29607	3140	0.49830	0.52681
3	80699474	106.30954	3145	0.52394	0.57946
3	80926989	106.32525	3150	0.52447	0.60025
3	81076273	106.36532	3155	0.49832	0.69466
3	81205539	106.48502	3160	0.45646	0.77213
3	81346621	106.50954	3165	0.49034	0.72912
3	81623375	106.73254	3170	0.62174	0.82281
3	81740644	106.74493	3175	0.70977	0.80651
3	81955205	106.78207	3180	0.71067	0.75809
3	82045484	106.87000	3185	0.71858	0.65684
3	82370540	106.90271	3190	0.69025	0.55586
3	82511247	107.08519	3195	0.72799	0.60646
3	82584059	107.14748	3200	0.76551	0.62325
3	82694465	107.17307	3205	0.76042	0.64574
3	82790239	107.18738	3210	0.67466	0.63244
3	82922586	107.20628	3215	0.69641	0.59163
3	83149980	107.24210	3220	0.62321	0.75636
3	83490821	107.27265	3225	0.73255	0.90961
3	83636350	107.28927	3230	0.86495	0.93703
3	83736147	107.29845	3235	0.86387	0.61723
3	83941551	107.37150	3240	0.92028	0.24548
3	84015954	107.39002	3245	0.91671	0.11968
3	84208086	107.41295	3250	0.95711	0.14020
3	84257248	107.41714	3255	0.94403	0.17883
3	84365172	107.42823	3260	0.93991	0.33501
3	84391343	107.43810	3265	0.90897	0.42626
3	84521517	107.44934	3270	0.88563	0.49911
3	84637072	107.45832	3275	0.85349	0.49622
3	84767365	107.50931	3280	0.87453	0.47699
3	84869745	107.54532	3285	0.90799	0.45958
3	84918815	107.55595	3290	0.87054	0.43458
3	85044478	107.59084	3295	0.85292	0.38608
3	85202971	107.60813	3300	0.83490	0.13941
3	85364362	107.66083	3305	0.89926	0.12932
3	85474633	107.66948	3310	0.92730	0.27466
3	85553596	107.67529	3315	0.88113	0.56253
3	85710121	107.71664	3320	0.88586	0.78428
3	85935680	107.75519	3325	0.92843	0.84374
3	86056261	107.76664	3330	0.88683	0.81739
3	86177752	107.80900	3335	0.87928	0.70033
3	86289675	107.85568	3340	0.89999	0.52463
3	86435748	107.88281	3345	0.88892	0.34617
3	86573330	107.92574	3350	0.86461	0.25914
3	86699952	107.99632	3355	0.91894	0.28909
3	86746908	108.00690	3360	0.91452	0.35978
3	86887300	108.01902	3365	0.88519	0.48008
3	87015667	108.05065	3370	0.84409	0.29085
3	87160944	108.13814	3375	0.88068	0.22014
3	87259755	108.16000	3380	0.90054	0.27701
3	87303685	108.16321	3385	0.85681	0.39747
3	87339450	108.18439	3390	0.76000	0.59785
3	87447449	108.35213	3395	0.72548	0.79724
3	87610191	108.46094	3400	0.73454	0.91040
3	87725166	108.47113	3405	0.75300	0.84387
3	87839786	108.49898	3410	0.76783	0.71202
3	87938068	108.51057	3415	0.73693	0.56268
3	88220748	108.57936	3420	0.73524	0.54260
3	88355839	108.69447	3425	0.79395	0.57869
3	88439525	108.73392	3430	0.80870	0.49049
3	88529315	108.77200	3435	0.84241	0.42082
3	88562273	108.77641	3440	0.81147	0.50159
3	88629773	108.79169	3445	0.79091	0.68128
3	88714299	108.82255	3450	0.67603	0.73110
3	88851074	108.85837	3455	0.31600	0.80251
3	89038010	108.91422	3460	0.10837	0.84984
3	89265670	108.94563	3465	0.13093	0.84063
3	89467969	108.98994	3470	0.24003	0.83357
3	89586481	109.00545	3475	0.49756	0.79839
3	89809013	109.08664	3480	0.81326	0.84330
3	90140820	109.13699	3485	0.92391	0.92338
3	90602861	109.14639	3490	0.95934	0.95802
3	91535345	109.14639	3495	0.91958	0.92318
3	94110631	109.16158	3500	0.90500	0.90561
3	94292842	109.18588	3505	0.92930	0.92021
3	94338495	109.19646	3510	0.94142	0.90118
3	94372298	109.20258	3515	0.84645	0.82161
3	94509283	109.27551	3520	0.80506	0.78849
3	94745240	109.41846	3525	0.85917	0.84887
3	95162146	109.47773	3530	0.96393	0.94800
3	95178182	109.47931	3535	0.93827	0.93594
3	95228753	109.48738	3540	0.86406	0.86211
3	95430131	109.56666	3545	0.92434	0.90479
3	95574459	109.58550	3550	0.91763	0.86789
3	95752575	109.60925	3555	0.94196	0.74625
3	95911161	109.61944	3560	0.96250	0.42616
3	95953109	109.62318	3565	0.92865	0.10600
3	96052699	109.64295	3570	0.90829	0.07108
3	96149597	109.67776	3575	0.91159	0.38623
3	96281684	109.71008	3580	0.97276	0.82174
3	96319125	109.71192	3585	0.88230	0.85052
3	96416135	109.77163	3590	0.89508	0.86970
3	96529753	109.81097	3595	0.88879	0.84560
3	96668179	109.85044	3600	0.88919	0.77534
3	96935002	109.88383	3605	0.83045	0.60445
3	97323196	109.98643	3610	0.75238	0.39720
3	97467811	110.00665	3615	0.27317	0.17390
3	97751375	110.19807	3620	0.11409	0.16979
3	98033553	110.35159	3625	0.57084	0.60072
3	98105082	110.45521	3630	0.86355	0.86243
3	98169353	110.46397	3635	0.93505	0.89429
3	98180790	110.46468	3640	0.94005	0.89374
3	98193674	110.47099	3645	0.96630	0.91596
3	98216925	110.47243	3650	0.92161	0.90514
3	98262640	110.49490	3655	0.94860	0.93859
3	98295495	110.50348	3660	0.91822	0.91734
3	98377507	110.52192	3665	0.85745	0.86023
3	98428125	110.57604	3670	0.79806	0.80266
3	98572860	110.72573	3675	0.83879	0.83638
3	98631496	110.78877	3680	0.83884	0.77565
3	98784839	110.86578	3685	0.88254	0.66246
3	99001071	110.88066	3690	0.86842	0.35961
3	99036196	110.88497	3695	0.75669	0.11923
3	99260889	111.10550	3700	0.79566	0.27524
3	99329601	111.18741	3705	0.82174	0.84592
3	99423386	111.22374	3710	0.79080	0.87435
3	99520377	111.28912	3715	0.78717	0.88568
3	99607657	111.34290	3720	0.77634	0.85088
3	99696890	111.44885	3725	0.84135	0.90532
3	99972126	111.48205	3730	0.87289	0.91568
3	100187426	111.50449	3735	0.88445	0.91462
3	100257618	111.53050	3740	0.88077	0.88419
3	100466590	111.58208	3745	0.88911	0.88496
3	100538284	111.63261	3750	0.96527	0.96207
3	100552451	111.63494	3755	0.93451	0.92932
3	100600344	111.64893	3760	0.87806	0.86516
3	100815870	111.70361	3765	0.75745	0.73519
3	101009505	112.02352	3770	0.81615	0.74637
3	101171892	112.16888	3775	0.89728	0.64561
3	101415158	112.20370	3780	0.96575	0.21423
3	101539291	112.20596	3785	0.92985	0.06325
3	101655382	112.22363	3790	0.95487	0.11167
3	101779233	112.22913	3795	0.87081	0.18007
3	101901838	112.28515	3800	0.79314	0.56458
3	102013722	112.49102	3805	0.89056	0.67038
3	102079017	112.52425	3810	0.81367	0.45619
3	102112413	112.68825	3815	0.74709	0.16351
3	102264980	113.05418	3820	0.80054	0.27722
3	102457281	113.24569	3825	0.88943	0.53469
3	102603054	113.28794	3830	0.82446	0.72980
3	102844520	113.42630	3835	0.84226	0.84957
3	103106039	113.46768	3840	0.70961	0.86829
3	103213379	113.50437	3845	0.40493	0.78037
3	103320840	113.68552	3850	0.13039	0.79328
3	103431121	113.83481	3855	0.25634	0.84536
3	103549108	113.93856	3860	0.54096	0.95613
3	103588153	113.94576	3865	0.73366	0.96522
3	103629508	113.94862	3870	0.83569	0.88131
3	103711401	114.00269	3875	0.79579	0.79689
3	103755448	114.17802	3880	0.87025	0.82599
3	103882481	114.23428	3885	0.84832	0.73653
3	103999191	114.32294	3890	0.82222	0.63820
3	104092494	114.47062	3895	0.90515	0.50604
3	104158100	114.50150	3900	0.92295	0.24129
3	104221744	114.52316	3905	0.86121	0.07620
3	104333142	114.59700	3910	0.82668	0.64586
3	104418328	114.71956	3915	0.82579	0.72792
3	104516838	114.75335	3920	0.75017	0.56211
3	104565018	114.77429	3925	0.62299	0.33417
3	104665849	114.84473	3930	0.43762	0.26031
3	104829170	114.88947	3935	0.31897	0.19203
3	104928776	115.08781	3940	0.21072	0.33072
3	105035397	115.13352	3945	0.15291	0.39123
3	105113670	115.26553	3950	0.34138	0.53758
3	105187563	115.35484	3955	0.63519	0.66500
3	105329251	115.60375	3960	0.75272	0.83935
3	105469481	115.62547	3965	0.39764	0.80114
3	105582064	115.67005	3970	0.17152	0.60796
3	105863468	116.12139	3975	0.33058	0.58214
3	105992552	116.46310	3980	0.50387	0.60690
3	106230965	116.54712	3985	0.59130	0.60332
3	106430472	116.64267	3990	0.55664	0.58206
3	106591102	116.86781	3995	0.55609	0.60299
3	106683745	117.11402	4000	0.53408	0.59914
3	106953124	117.42841	4005	0.41853	0.65427
3	107048637	117.44115	4010	0.36646	0.59540
3	107349515	117.84853	4015	0.32589	0.65204
3	107480538	117.96835	4020	0.22234	0.64342
3	107576161	118.03256	4025	0.23560	0.67098
3	107930752	118.26588	4030	0.36772	0.68167
3	108174732	118.63760	4035	0.61929	0.84473
3	108245409	118.65550	4040	0.74725	0.84785
3	108364898	118.71239	4045	0.81256	0.82381
3	108489142	118.80357	4050	0.89860	0.84954
3	108682543	118.82887	4055	0.94126	0.87534
3	108731119	118.83794	4060	0.90628	0.84165
3	108827116	118.86888	4065	0.81936	0.76744
3	108915008	119.03149	4070	0.80679	0.75110
3	109007015	119.22517	4075	0.90441	0.80714
3	109176290	119.25980	4080	0.79810	0.75083
3	109469340	119.45189	4085	0.85956	0.80582
3	109625970	119.49502	4090	0.73369	0.75284
3	109865673	119.66304	4095	0.51166	0.78681
3	109941661	119.67160	4100	0.13367	0.68565
3	110379790	120.09548	4105	0.68842	0.78114
3	110497490	120.14747	4110	0.93375	0.90635
3	110565628	120.15837	4115	0.86757	0.87036
3	110699428	120.19676	4120	0.75530	0.72031
3	110824045	120.49194	4125	0.87483	0.76394
3	111144422	120.50698	4130	0.77192	0.68922
3	111270258	120.72900	4135	0.81489	0.70430
3	111507042	120.82273	4140	0.79342	0.71326
3	111616631	120.91727	4145	0.69988	0.67810
3	111812888	121.09071	4150	0.34650	0.69378
3	111962439	121.16460	4155	0.08908	0.70327
3	112021715	121.28642	4160	0.61429	0.75782
3	112046987	121.31886	4165	0.83779	0.73004
3	112245723	121.42289	4170	0.86844	0.69773
3	112344073	121.48389	4175	0.74746	0.62792
3	112567773	121.83923	4180	0.82422	0.65010
3	112650330	121.95421	4185	0.78366	0.63567
3	112751739	122.18117	4190	0.77309	0.66886
3	112823269	122.25204	4195	0.52065	0.80428
3	112887220	122.26007	4200	0.16456	0.85050
3	112913895	122.26200	4205	0.08000	0.78300
3	113063278	122.31998	4210	0.23570	0.76015
3	113159637	122.45287	4215	0.60437	0.75504
3	113354842	122.72150	4220	0.90095	0.91465
3	113439249	122.73301	4225	0.93260	0.92666
3	113495880	122.73631	4230	0.73592	0.74400
3	113731199	123.11184	4235	0.80840	0.83339
3	113872370	123.20277	4240	0.74298	0.72176
3	114219749	123.51657	4245	0.68313	0.64887
3	114531949	124.18170	4250	0.76853	0.72842
3	114837060	124.45084	4255	0.81592	0.83256
3	115214657	124.53947	4260	0.66806	0.86304
3	115394878	124.57500	4265	0.33363	0.70609
3	115595733	124.96648	4270	0.23148	0.62888
3	115842709	125.70750	4275	0.46239	0.65759
3	116181750	126.22600	4280	0.80428	0.79985
3	116236092	126.26168	4285	0.81117	0.75436
3	116411117	126.39760	4290	0.87458	0.73740
3	116555204	126.44745	4295	0.85078	0.66492
3	116614314	126.53063	4300	0.68622	0.60771
3	116772168	126.98699	4305	0.71674	0.63553
3	116922478	127.21815	4310	0.76549	0.68260
3	117033224	127.27041	4315	0.65544	0.64859
3	117129034	127.64954	4320	0.64310	0.67410
3	117242038	127.91280	4325	0.62561	0.67950
3	117363713	128.17517	4330	0.64094	0.67383
3	117484432	128.34297	4335	0.62442	0.62633
3	117693747	128.78255	4340	0.74356	0.65755
3	117830621	128.89821	4345	0.81771	0.69217
3	117981523	128.93292	4350	0.81786	0.66366
3	118122887	129.00122	4355	0.75449	0.72187
3	118170432	129.00421	4360	0.57958	0.72805
3	118313195	129.17136	4365	0.47290	0.88198
3	118430258	129.21490	4370	0.34101	0.92401
3	118470261	129.23460	4375	0.30254	0.88763
3	118582597	129.28532	4380	0.17643	0.80934
3	118832874	129.46680	4385	0.21296	0.87980
3	118966640	129.51321	4390	0.42353	0.85050
3	119178796	129.58141	4395	0.72852	0.81474
3	119222182	129.66800	4400	0.80963	0.79485
3	119280463	129.75949	4405	0.85483	0.77952
3	119360853	129.80048	4410	0.75373	0.68517
3	119411513	130.05437	4415	0.76494	0.69432
3	119594528	130.24660	4420	0.80368	0.76332
3	119777694	130.36546	4425	0.82903	0.79894
3	119917249	130.47314	4430	0.92806	0.88045
3	120073627	130.48120	4435	0.86796	0.84849
3	120199660	130.54340	4440	0.83492	0.84921
3	120342036	130.57509	4445	0.73382	0.80827
3	120475017	130.65605	4450	0.54320	0.78941
3	120562501	130.68800	4455	0.20693	0.60750
3	120655761	131.12779	4460	0.28524	0.62714
3	120784621	131.40698	4465	0.39695	0.66776
3	120962423	131.56087	4470	0.66086	0.70198
3	121019160	131.56090	4475	0.86372	0.58624
3	121093278	131.56149	4480	0.89363	0.68042
3	121178850	131.56444	4485	0.86679	0.74217
3	121222731	131.56567	4490	0.66454	0.69949
3	121610864	131.71567	4495	0.52324	0.67324
3	121745854	131.83322	4500	0.22534	0.66942
3	121913414	131.86989	4505	0.24318	0.64878
3	122096589	131.96974	4510	0.18174	0.64328
3	122199644	132.09799	4515	0.32674	0.64767
3	122293879	132.19904	4520	0.55863	0.72248
3	122480648	132.25732	4525	0.68083	0.77287
3	122609906	132.37680	4530	0.75661	0.78054
3	122675534	132.58536	4535	0.87379	0.87432
3	122712942	132.63077	4540	0.77433	0.89008
3	122879993	132.64752	4545	0.34063	0.63211
3	123000696	132.99098	4550	0.16645	0.42921
3	123166538	133.44350	4555	0.31454	0.23183
3	123200840	133.48146	4560	0.71808	0.15801
3	123287510	133.48952	4565	0.74708	0.15540
3	123405344	133.59755	4570	0.71947	0.47404
3	123604821	133.97256	4575	0.71905	0.72069
3	123894492	134.46100	4580	0.93892	0.93895
3	123967684	134.47314	4585	0.88791	0.88792
3	124201548	134.52554	4590	0.83797	0.83797
3	124308419	134.64917	4595	0.87947	0.87947
3	124392379	134.70084	4600	0.81745	0.81745
3	124569478	134.86095	4605	0.91643	0.91643
3	124593910	134.87883	4610	0.74905	0.74906
3	124745135	135.01462	4615	0.41724	0.41726
3	124869070	135.06689	4620	0.15690	0.15692
3	124981549	135.40074	4625	0.39120	0.39120
3	125121657	135.83374	4630	0.63593	0.63566
3	125242379	136.19817	4635	0.90614	0.90307
3	125309574	136.20041	4640	0.85367	0.85020
3	125486216	136.27893	4645	0.88012	0.87423
3	125692158	136.31944	4650	0.87286	0.86479
3	125736657	136.34621	4655	0.86182	0.84898
3	125762993	136.36110	4660	0.82920	0.82046
3	125848850	136.42142	4665	0.86986	0.86271
3	125907358	136.43013	4670	0.86536	0.85514
3	126022387	136.47354	4675	0.79030	0.78547
3	126170982	136.68271	4680	0.89071	0.88531
3	126232705	136.70802	4685	0.74373	0.74308
3	126403470	137.08379	4690	0.84806	0.84801
3	126488752	137.16498	4695	0.82883	0.82882
3	126541787	137.28293	4700	0.85991	0.85991
3	126676812	137.35229	4705	0.86169	0.86169
3	126934479	137.40376	4710	0.78618	0.78618
3	127072343	137.59859	4715	0.74712	0.74712
3	127241487	137.91232	4720	0.73857	0.73857
3	127419434	138.24959	4725	0.80997	0.80997
3	127542667	138.36264	4730	0.82197	0.82197
3	127727095	138.45241	4735	0.72578	0.72578
3	127885559	138.83876	4740	0.76371	0.76371
3	127942229	139.05672	4745	0.80979	0.80979
3	128017241	139.16438	4750	0.87782	0.87782
3	128204344	139.17947	4755	0.85074	0.85074
3	128391927	139.19693	4760	0.72418	0.72418
3	128495151	139.47598	4765	0.76229	0.76229
3	128672378	139.57825	4770	0.79304	0.79304
3	128784689	139.64003	4775	0.86028	0.86028
3	128952303	139.66922	4780	0.81272	0.81272
3	129204225	139.75984	4785	0.82731	0.82731
3	129335495	139.79567	4790	0.76726	0.76726
3	129488063	139.98413	4795	0.82609	0.82609
3	129630697	140.07376	4800	0.95292	0.95292
3	129864041	140.07799	4805	0.85177	0.85177
3	129994641	140.16574	4810	0.81270	0.81270
3	130114366	140.30858	4815	0.85457	0.85457
3	130154812	140.32449	4820	0.54788	0.54788
3	130273280	140.37389	4825	0.24299	0.24299
3	130415282	140.52820	4830	0.16963	0.16963
3	130645679	140.87793	4835	0.69478	0.69478
3	130785412	140.97379	4840	0.78452	0.78452
3	130903611	141.20639	4845	0.93722	0.93722
3	131131157	141.21838	4850	0.91603	0.91603
3	131346090	141.24425	4855	0.83161	0.83161
3	131628678	141.37067	4860	0.77525	0.77525
3	131671874	141.63551	4865	0.86716	0.86716
3	131716786	141.69867	4870	0.83238	0.83238
3	131799110	141.82848	4875	0.89573	0.89573
3	131901855	141.86710	4880	0.86686	0.86686
3	131998816	141.94191	4885	0.90723	0.90723
3	132036516	141.96666	4890	0.76114	0.76114
3	132168144	142.22838	4895	0.35751	0.35751
3	132305800	142.30705	4900	0.09555	0.09555
3	132385687	142.37651	4905	0.24187	0.24187
3	132422475	142.49954	4910	0.59537	0.59537
3	132705404	142.55789	4915	0.76085	0.76085
3	132837159	142.72853	4920	0.83508	0.83508
3	132939034	142.79497	4925	0.89042	0.89042
3	133046780	142.82529	4930	0.79267	0.79267
3	133241748	143.05098	4935	0.95669	0.95669
3	133299932	143.05414	4940	0.74498	0.74498
3	133453906	143.42615	4945	0.69226	0.69226
3	133612319	144.00027	4950	0.36148	0.36148
3	133718723	144.06657	4955	0.08300	0.08300
3	133835182	144.13676	4960	0.37471	0.37471
3	133972331	144.40451	4965	0.73509	0.73509
3	134075355	144.76285	4970	0.89719	0.89719
3	134273898	144.79677	4975	0.83766	0.83764
3	134302045	144.91324	4980	0.82393	0.82370
3	134402579	145.05673	4985	0.86316	0.85761
3	134522468	145.12495	4990	0.81546	0.80219
3	134682358	145.27417	4995	0.79351	0.77957
3	134842820	145.46669	5000	0.78471	0.75806
3	134933243	145.67560	5005	0.79495	0.75288
3	135071035	145.84541	5010	0.77137	0.72446
3	135225679	146.05688	5015	0.76291	0.74189
3	135401096	146.20975	5020	0.62999	0.84680
3	135422943	146.21312	5025	0.30698	0.77711
3	135550895	146.37236	5030	0.22305	0.85157
3	135567577	146.40291	5035	0.19334	0.72662
3	135762940	146.76649	5040	0.48991	0.82205
3	135896261	146.81979	5045	0.67301	0.85419
3	136226861	146.88333	5050	0.77680	0.90526
3	136581890	146.89981	5055	0.79728	0.88619
3	136740024	146.90314	5060	0.83167	0.64952
3	136860050	146.92494	5065	0.86027	0.32184
3	136927545	146.92598	5070	0.78789	0.14642
3	137056868	146.98172	5075	0.76862	0.17010
3	137139066	147.01425	5080	0.77178	0.18353
3	137194791	147.05663	5085	0.76886	0.32031
3	137422474	147.09688	5090	0.74534	0.50926
3	137639563	147.22406	5095	0.74623	0.66390
3	137666050	147.37653	5100	0.76449	0.73842
3	137785842	147.51534	5105	0.79028	0.72846
3	137822960	147.63913	5110	0.85132	0.66743
3	137966026	147.66753	5115	0.74968	0.37652
3	138070903	147.86043	5120	0.73909	0.20943
3	138556728	148.01057	5125	0.77165	0.15006
3	138681092	148.03137	5130	0.69158	0.27696
3	138905291	148.12369	5135	0.64985	0.47759
3	139042954	148.29895	5140	0.65730	0.71479
3	139131795	148.36035	5145	0.63519	0.82219
3	139279215	148.43350	5150	0.64317	0.77842
3	139457084	148.61530	5155	0.66017	0.75871
3	139751944	148.83975	5160	0.67830	0.78087
3	139931466	148.97331	5165	0.68792	0.77770
3	140008425	149.07578	5170	0.65043	0.69575
3	140146045	149.42177	5175	0.67852	0.70606
3	140319249	149.67876	5180	0.74056	0.75235
3	140399388	149.81673	5185	0.76418	0.77343
3	140472915	149.94496	5190	0.74470	0.74739
3	140636612	150.14932	5195	0.74315	0.74396
3	140846394	150.37021	5200	0.75361	0.74189
3	141084697	150.60109	5205	0.79725	0.77298
3	141184480	150.73503	5210	0.81611	0.79725
3	141270409	150.80151	5215	0.71159	0.72163
3	141317913	151.17461	5220	0.77799	0.84813
3	141428977	151.22972	5225	0.72203	0.76880
3	141674500	151.37486	5230	0.66922	0.49150
3	141780075	151.74138	5235	0.70630	0.20051
3	141911821	151.96558	5240	0.79327	0.18549
3	142028847	152.00050	5245	0.80456	0.20651
3	142144047	152.01414	5250	0.72863	0.38331
3	142401704	152.19539	5255	0.77553	0.72670
3	142669977	152.21530	5260	0.77830	0.74859
3	142848741	152.32278	5265	0.79422	0.74869
3	142932089	152.45003	5270	0.80060	0.75828
3	142953927	152.52209	5275	0.78876	0.68911
3	143106524	152.63954	5280	0.76955	0.63433
3	143201582	152.86986	5285	0.76926	0.58448
3	143267048	153.01726	5290	0.69160	0.57859
3	143361548	153.29291	5295	0.68929	0.64991
3	143443817	153.40265	5300	0.61787	0.63226
3	143576396	153.60727	5305	0.60310	0.62865
3	143654477	153.76692	5310	0.59355	0.61521
3	143732564	154.01370	5315	0.59149	0.61849
3	143882277	154.31386	5320	0.71995	0.71479
3	144095658	154.39618	5325	0.76706	0.78551
3	144296401	154.49930	5330	0.77890	0.84816
3	144374685	154.55130	5335	0.75492	0.82111
3	144503467	154.65132	5340	0.77920	0.83805
3	144602285	154.67062	5345	0.77808	0.81398
3	144650330	154.68478	5350	0.73293	0.75229
3	144754551	154.78809	5355	0.71123	0.74967
3	144887116	154.85770	5360	0.65058	0.70381
3	145090244	155.06750	5365	0.63606	0.69345
3	145258081	155.41475	5370	0.72971	0.85897
3	145329293	155.42775	5375	0.72672	0.97182
3	145344728	155.42781	5380	0.63691	0.94060
3	145426690	155.44038	5385	0.51601	0.92842
3	145493180	155.45822	5390	0.42969	0.93169
3	145531958	155.46870	5395	0.25318	0.78120
3	145725568	155.71306	5400	0.19784	0.78687
3	145903540	155.92197	5405	0.33296	0.82154
3	145998960	156.03636	5410	0.55232	0.84420
3	146094803	156.09460	5415	0.71240	0.79360
3	146220694	156.25352	5420	0.85640	0.86853
3	146297390	156.27936	5425	0.89874	0.90357
3	146372323	156.29964	5430	0.90067	0.91755
3	146445790	156.31361	5435	0.75610	0.77704
3	146673456	156.56155	5440	0.79480	0.84021
3	146864980	156.64673	5445	0.78224	0.80981
3	146954927	156.80196	5450	0.83017	0.84769
3	147036886	156.88397	5455	0.88206	0.89098
3	147213288	156.91414	5460	0.81614	0.84112
3	147486556	157.01337	5465	0.73176	0.86758
3	147599733	157.06087	5470	0.48087	0.75844
3	147684478	157.31514	5475	0.21359	0.68765
3	147909469	157.80219	5480	0.30235	0.75911
3	147986983	157.95584	5485	0.48509	0.77957
3	148182645	158.15509	5490	0.52455	0.89086
3	148218763	158.15639	5495	0.56618	0.77569
3	148281880	158.38191	5500	0.77517	0.85892
3	148499167	158.42625	5505	0.77560	0.81669
3	148617264	158.51765	5510	0.66017	0.70865
3	148708086	158.78679	5515	0.58489	0.65888
3	148928871	159.30951	5520	0.50982	0.76302
3	149003547	159.37822	5525	0.28415	0.76336
3	149148464	159.40228	5530	0.21058	0.63030
3	149314167	159.92654	5535	0.31618	0.66051
3	149415149	160.09416	5540	0.49734	0.65966
3	149470647	160.34901	5545	0.66027	0.71578
3	149515651	160.40811	5550	0.62417	0.64631
3	149659566	160.80293	5555	0.38970	0.71030
3	149695563	160.81969	5560	0.09027	0.71157
3	150008014	160.95467	5565	0.56592	0.72803
3	150099824	161.10686	5570	0.82333	0.77485
3	150190033	161.16891	5575	0.46124	0.68296
3	150446547	161.55406	5580	0.18589	0.70665
3	150707832	161.85925	5585	0.28308	0.80566
3	150806849	161.91614	5590	0.42136	0.68236
3	150904948	162.37018	5595	0.63641	0.66366
3	151012707	162.77238	5600	0.70580	0.60489
3	151295108	163.10405	5605	0.86146	0.51902
3	151370758	163.13321	5610	0.82022	0.22414
3	151529193	163.24461	5615	0.77162	0.16016
3	151679403	163.45235	5620	0.82027	0.41288
3	151830623	163.52614	5625	0.86134	0.77816
3	151876533	163.56230	5630	0.84338	0.84427
3	152036979	163.62729	5635	0.74799	0.75560
3	152366454	163.94456	5640	0.84043	0.85162
3	152521506	163.97763	5645	0.75736	0.76655
3	152896827	164.18600	5650	0.79158	0.79906
3	152986330	164.27907	5655	0.78408	0.76678
3	153103119	164.43146	5660	0.79874	0.77544
3	153247833	164.51381	5665	0.68854	0.75265
3	153448782	164.74091	5670	0.58037	0.86305
3	153513130	164.77837	5675	0.33887	0.78712
3	153574916	164.95279	5680	0.17370	0.74128
3	153746740	165.25415	5685	0.29951	0.81635
3	153860283	165.33762	5690	0.58709	0.87581
3	153976750	165.36562	5695	0.69399	0.89787
3	154020778	165.39534	5700	0.24133	0.91390
3	154084258	165.41380	5705	0.04538	0.91041
3	154197113	165.43338	5710	0.22060	0.88278
3	154298005	165.45670	5715	0.68752	0.84335
3	154434803	165.50572	5720	0.83689	0.82105
3	154489304	165.57262	5725	0.86211	0.81546
3	154710966	165.60452	5730	0.78109	0.72639
3	154931193	165.77029	5735	0.67960	0.64688
3	155115951	166.33755	5740	0.75161	0.71231
3	155246113	166.57687	5745	0.70731	0.79249
3	155326532	166.65636	5750	0.28728	0.75060
3	155410961	166.82051	5755	0.08488	0.76566
3	155521201	166.85049	5760	0.17595	0.66340
3	155552764	166.87152	5765	0.21425	0.49039
3	155633389	166.87994	5770	0.57034	0.24139
3	155832602	166.96210	5775	0.86621	0.17047
3	155916558	166.99313	5780	0.86455	0.15140
3	156069140	167.06549	5785	0.87406	0.31744
3	156223628	167.11345	5790	0.77623	0.58639
3	156390179	167.32185	5795	0.75587	0.75827
3	156533268	167.56773	5800	0.81253	0.87036
3	156617960	167.62534	5805	0.74585	0.83514
3	156795028	167.74698	5810	0.63373	0.87506
3	156991418	167.79204	5815	0.52957	0.77151
3	157207177	168.06810	5820	0.46833	0.90051
3	157342380	168.09439	5825	0.28614	0.78377
3	157646828	168.30264	5830	0.21625	0.85894
3	157733151	168.32634	5835	0.15321	0.80938
3	157885845	168.42154	5840	0.44351	0.83238
3	157982919	168.44243	5845	0.56369	0.82398
3	158139642	168.47954	5850	0.78623	0.85622
3	158250450	168.48770	5855	0.92017	0.91193
3	158381993	168.49371	5860	0.90314	0.90011
3	158530900	168.50824	5865	0.85377	0.82841
3	158823288	168.56662	5870	0.76709	0.68585
3	159002416	168.80391	5875	0.78124	0.56641
3	159087595	168.98639	5880	0.82358	0.44279
3	159335963	169.09598	5885	0.90257	0.29424
3	159422849	169.11232	5890	0.76660	0.26922
3	159594471	169.37047	5895	0.75757	0.22651
3	159813116	169.62837	5900	0.76287	0.48622
3	160026490	169.86198	5905	0.80704	0.74597
3	160105383	169.97298	5910	0.80565	0.80051
3	160591150	170.10237	5915	0.86078	0.88193
3	160658585	170.13164	5920	0.76520	0.81759
3	160924142	170.26880	5925	0.68379	0.84531
3	161232242	170.33038	5930	0.34107	0.79269
3	161382692	170.35046	5935	0.09653	0.36566
3	161572229	170.40727	5940	0.17952	0.13367
3	161785308	170.48547	5945	0.21719	0.23998
3	161846015	170.59007	5950	0.49462	0.38180
3	161938716	170.67657	5955	0.73776	0.45329
3	162088403	170.73195	5960	0.82034	0.57399
3	162144399	170.77060	5965	0.81898	0.62469
3	162188192	170.81429	5970	0.82502	0.68358
3	162293210	170.86430	5975	0.84770	0.75104
3	162418221	170.91988	5980	0.83376	0.81884
3	162450384	170.93513	5985	0.81621	0.81712
3	162545808	170.96544	5990	0.81806	0.83534
3	162598581	170.97249	5995	0.76297	0.82498
3	162732391	171.02220	6000	0.72881	0.84750
3	162955918	171.04790	6005	0.75665	0.86174
3	163016205	171.05801	6010	0.78570	0.88965
3	163116513	171.07828	6015	0.84416	0.92992
3	163151968	171.08267	6020	0.84822	0.91569
3	163301636	171.10019	6025	0.85067	0.92322
3	163397905	171.10678	6030	0.76547	0.81636
3	163571954	171.25525	6035	0.81574	0.91089
3	163697365	171.26587	6040	0.82360	0.90406
3	163813426	171.27916	6045	0.76360	0.85398
3	163925527	171.35889	6050	0.78007	0.95407
3	163951569	171.35995	6055	0.77676	0.92269
3	164030615	171.38177	6060	0.76765	0.93101
3	164179586	171.38943	6065	0.77146	0.74318
3	164402251	171.41444	6070	0.86906	0.66297
3	164429172	171.41675	6075	0.86004	0.36852
3	164549922	171.44458	6080	0.84502	0.29718
3	164676934	171.48415	6085	0.82868	0.45245
3	164836864	171.53409	6090	0.78384	0.49050
3	165165260	171.60872	6095	0.73470	0.46021
3	165400095	171.81677	6100	0.77535	0.38537
3	165565749	171.91957	6105	0.83995	0.33305
3	165652795	171.94022	6110	0.83860	0.39814
3	165721890	171.99077	6115	0.86268	0.12899
3	165746756	171.99527	6120	0.76679	0.08085
3	165854221	172.01645	6125	0.64405	0.14252
3	166002314	172.06198	6130	0.52704	0.36982
3	166053333	172.07544	6135	0.57316	0.64233
3	166139403	172.10631	6140	0.57928	0.77499
3	166249148	172.19965	6145	0.57080	0.87356
3	166377704	172.23073	6150	0.59298	0.88684
3	166567868	172.26181	6155	0.67189	0.83487
3	166667960	172.29109	6160	0.65326	0.69947
3	166997853	172.49039	6165	0.68734	0.64303
3	167099322	172.52383	6170	0.70875	0.46284
3	167276437	172.53572	6175	0.71130	0.22707
3	167494552	172.70270	6180	0.74074	0.18539
3	167669740	172.85423	6185	0.78042	0.29502
3	167803161	172.95955	6190	0.80012	0.52335
3	167858052	173.06155	6195	0.81958	0.68558
3	168015049	173.16769	6200	0.81512	0.74902
3	168131666	173.28752	6205	0.75988	0.72777
3	168200597	173.58028	6210	0.82081	0.80718
3	168549471	173.66899	6215	0.72133	0.74379
3	168755719	174.03810	6220	0.75940	0.81045
3	168872010	174.17773	6225	0.75261	0.82339
3	168980468	174.28766	6230	0.66370	0.81550
3	169159205	174.38313	6235	0.52617	0.70159
3	169381073	174.84647	6240	0.43259	0.74392
3	169505392	175.06221	6245	0.35142	0.76791
3	169654146	175.20744	6250	0.27202	0.83720
3	169718379	175.22644	6255	0.21339	0.75483
3	169902270	175.43314	6260	0.32327	0.77923
3	170039058	175.53639	6265	0.54573	0.80920
3	170225386	175.57214	6270	0.70567	0.80203
3	170363546	175.61888	6275	0.69488	0.59968
3	170676372	176.03255	6280	0.85120	0.33243
3	170751547	176.06703	6285	0.88005	0.04952
3	170808843	176.08676	6290	0.85429	0.26963
3	170938831	176.15604	6295	0.79824	0.60965
3	171109982	176.30675	6300	0.75591	0.62305
3	171243890	176.48146	6305	0.65489	0.38603
3	171403538	177.11171	6310	0.67699	0.18638
3	171623866	177.59883	6315	0.77612	0.43873
3	171817317	177.67104	6320	0.72110	0.66241
3	171913536	177.88242	6325	0.69143	0.71475
3	172036467	178.20657	6330	0.72520	0.63872
3	172129475	178.41147	6335	0.70823	0.31412
3	172239479	178.78206	6340	0.68526	0.23410
3	172410544	179.28288	6345	0.80198	0.37200
3	172507984	179.33612	6350	0.67538	0.46905
3	172668925	179.88652	6355	0.75742	0.61544
3	172752605	180.06352	6360	0.77258	0.46251
3	172905696	180.24103	6365	0.78882	0.13694
3	173069306	180.37198	6370	0.78933	0.24937
3	173158391	180.42314	6375	0.63666	0.40744
3	173415400	181.18768	6380	0.73037	0.62018
3	173541028	181.35521	6385	0.63072	0.60993
3	174048603	182.20396	6390	0.80912	0.78459
3	174140903	182.22939	6395	0.82597	0.80722
3	174185777	182.32823	6400	0.87287	0.85659
3	174264673	182.36449	6405	0.84590	0.84136
3	174396035	182.44933	6410	0.89948	0.90928
3	174430973	182.46753	6415	0.74438	0.72809
3	174639166	182.78383	6420	0.76785	0.65319
3	174796596	182.97237	6425	0.81627	0.63030
3	174940466	183.03723	6430	0.68535	0.61320
3	175018760	183.26398	6435	0.51399	0.64940
3	175087396	183.36591	6440	0.23611	0.67822
3	175152149	183.65533	6445	0.30077	0.75970
3	175250111	183.82268	6450	0.35586	0.73885
3	175291303	184.06900	6455	0.45694	0.73081
3	175379940	184.40489	6460	0.54958	0.79080
3	175469645	184.59233	6465	0.65326	0.83254
3	175528453	184.70064	6470	0.59904	0.71156
3	175807871	185.21608	6475	0.62816	0.76458
3	176040234	185.50922	6480	0.71611	0.83140
3	176082619	185.52519	6485	0.69211	0.32957
3	176251453	185.62456	6490	0.68282	0.11769
3	176349575	185.81668	6495	0.76455	0.30831
3	176444467	185.83917	6500	0.79873	0.83197
3	176478539	185.85149	6505	0.71469	0.74400
3	176633208	186.19197	6510	0.79789	0.80329
3	176702843	186.27875	6515	0.80680	0.76395
3	176826383	186.36134	6520	0.74181	0.71220
3	176949467	186.55269	6525	0.73098	0.71632
3	176980753	186.74254	6530	0.78780	0.81399
3	177100795	186.76474	6535	0.78185	0.83359
3	177201518	186.81279	6540	0.73220	0.77020
3	177242470	186.99684	6545	0.66390	0.69214
3	177462967	187.50401	6550	0.71754	0.76710
3	177559917	187.70329	6555	0.76462	0.84026
3	177649563	187.76149	6560	0.72272	0.78117
3	177743423	187.96155	6565	0.70810	0.76321
3	177965105	188.19356	6570	0.70216	0.77984
3	178173951	188.35464	6575	0.59087	0.77367
3	178407187	188.51935	6580	0.36098	0.74701
3	178668129	188.68695	6585	0.19046	0.52800
3	178755660	188.75638	6590	0.13065	0.08243
3	178823404	188.81593	6595	0.28126	0.17876
3	178848772	188.83804	6600	0.45522	0.39497
3	178918761	188.95123	6605	0.81089	0.57746
3	178964671	188.96149	6610	0.86970	0.74064
3	179214479	189.01183	6615	0.84062	0.81580
3	179324550	189.11592	6620	0.81953	0.89301
3	179460514	189.16479	6625	0.62951	0.72775
3	179683308	189.63034	6630	0.46627	0.83445
3	179830569	189.72760	6635	0.14881	0.38774
3	179987598	189.94722	6640	0.24915	0.12085
3	180156019	190.06503	6645	0.35478	0.11638
3	180308921	190.07640	6650	0.79496	0.48991
3	180412204	190.10785	6655	0.77767	0.77745
3	180675818	190.22227	6660	0.79585	0.84063
3	180950323	190.31554	6665	0.86608	0.88401
3	181167684	190.33994	6670	0.91000	0.67019
3	181275762	190.34778	6675	0.89051	0.40816
3	181390042	190.37965	6680	0.86994	0.16599
3	181525165	190.42149	6685	0.70569	0.22245
3	181759652	190.85237	6690	0.67627	0.41773
3	181961602	191.42212	6695	0.79644	0.75338
3	182103661	191.55412	6700	0.81738	0.81170
3	182294865	191.69162	6705	0.87828	0.92678
3	182350882	191.70004	6710	0.58822	0.75076
3	182539208	192.03966	6715	0.51369	0.69370
3	182747484	192.65025	6720	0.55475	0.83126
3	183062155	192.77728	6725	0.55919	0.84641
3	183184379	192.88155	6730	0.54086	0.85016
3	183266497	192.98079	6735	0.57235	0.84130
3	183375247	193.09593	6740	0.61524	0.80125
3	183420941	193.26660	6745	0.69750	0.76928
3	183519398	193.50307	6750	0.72092	0.75541
3	183785229	193.79507	6755	0.74001	0.84707
3	183982423	193.87323	6760	0.61346	0.78737
3	184122059	194.10899	6765	0.48309	0.70740
3	184422544	194.65422	6770	0.45496	0.79621
3	184500606	194.83087	6775	0.30114	0.74598
3	184605018	195.17717	6780	0.21055	0.78134
3	184689610	195.39398	6785	0.39994	0.68511
3	184872312	195.98958	6790	0.75396	0.78159
3	185094375	196.03320	6795	0.81971	0.51417
3	185339839	196.14911	6800	0.79474	0.29663
3	185629442	196.35780	6805	0.78015	0.16930
3	185903732	196.62604	6810	0.87859	0.34496
3	185976051	196.69038	6815	0.76011	0.49724
3	186126902	197.02657	6820	0.66691	0.58161
3	186265166	197.81195	6825	0.68224	0.59509
3	186411602	198.49066	6830	0.78230	0.64668
3	186512953	198.72247	6835	0.77322	0.63135
3	186645939	198.96735	6840	0.83070	0.64779
3	186710408	199.07690	6845	0.86887	0.60896
3	186743427	199.12949	6850	0.72002	0.47072
3	186922878	199.59723	6855	0.75234	0.46514
3	187002578	199.92856	6860	0.77913	0.45438
3	187080640	200.17215	6865	0.71460	0.33205
3	187273514	200.65031	6870	0.72434	0.25849
3	187460438	201.06792	6875	0.79564	0.52716
3	187547668	201.22722	6880	0.68424	0.65195
3	187732340	201.56168	6885	0.40859	0.69267
3	187912939	201.89844	6890	0.18308	0.67575
3	188086562	202.24217	6895	0.32446	0.65001
3	188319312	202.80486	6900	0.69683	0.74674
3	188421192	203.03682	6905	0.66791	0.66221
3	188586026	203.70265	6910	0.65664	0.64959
3	188793384	204.47710	6915	0.68735	0.68411
3	189002125	205.09572	6920	0.70049	0.70042
3	189303966	205.64799	6925	0.72601	0.72601
3	189370916	206.09444	6930	0.90218	0.90218
3	189392645	206.12430	6935	0.83435	0.83435
3	189485801	206.22356	6940	0.68431	0.68431
3	189597725	206.36957	6945	0.35252	0.35252
3	189712456	206.55005	6950	0.20445	0.20445
3	189811267	207.03175	6955	0.37471	0.37471
3	190025961	207.50342	6960	0.64463	0.64475
3	190130459	207.85002	6965	0.86167	0.86289
3	190166798	207.86145	6970	0.80733	0.81110
3	190197966	207.96135	6975	0.83135	0.84373
3	190228543	207.97423	6980	0.79930	0.82100
3	190260909	207.97908	6985	0.71150	0.73471
3	190314805	208.03867	6990	0.65885	0.64679
3	190378010	208.14027	6995	0.58128	0.57190
3	190600535	208.85844	7000	0.64597	0.62053
3	190721850	209.04016	7005	0.72695	0.65951
3	190825602	209.08932	7010	0.63004	0.59724
3	191083663	209.79652	7015	0.72409	0.69931
3	191167742	209.97144	7020	0.87017	0.80941
3	191229738	209.99583	7025	0.77235	0.73204
3	191282128	210.27104	7030	0.88677	0.80762
3	191350343	210.32813	7035	0.93591	0.85066
3	191400290	210.34457	7040	0.86054	0.77949
3	191496424	210.43431	7045	0.75022	0.73576
3	191615440	210.63800	7050	0.49687	0.75781
3	191886352	210.77547	7055	0.05924	0.78843
3	191944040	210.82166	7060	0.29380	0.78222
3	191983132	210.83789	7065	0.74626	0.73763
3	192052003	210.88275	7070	0.78644	0.58855
3	192157944	211.06705	7075	0.78966	0.47732
3	192289686	211.23921	7080	0.65928	0.47083
3	192462409	211.98109	7085	0.72346	0.47105
3	192591131	212.31815	7090	0.75305	0.44096
3	192670889	212.57115	7095	0.83575	0.34408
3	192779246	212.61810	7100	0.73986	0.26101
3	192876706	212.74020	7105	0.41878	0.18695
3	192975094	213.06999	7110	0.14301	0.42991
3	193083246	213.39110	7115	0.46458	0.68427
3	193228288	213.52191	7120	0.70286	0.80655
3	193342677	213.59760	7125	0.67148	0.73027
3	193527200	214.04030	7130	0.77058	0.91467
3	193693800	214.06099	7135	0.53582	0.75648
3	193823482	214.36395	7140	0.45071	0.67171
3	194010064	214.99788	7145	0.43574	0.68228
3	194109356	215.45015	7150	0.43305	0.65650
3	194218370	216.10612	7155	0.45064	0.68466
3	194282349	216.69370	7160	0.48261	0.73275
3	194378715	217.09349	7165	0.53846	0.89657
3	194427950	217.12480	7170	0.57578	0.79412
3	194518858	217.32541	7175	0.57455	0.77527
3	194583519	217.57863	7180	0.60365	0.87911
3	194598584	217.62585	7185	0.59028	0.80621
3	194724330	217.76904	7190	0.57297	0.71268
3	194847171	218.22810	7195	0.66406	0.81254
3	194903792	218.31917	7200	0.71020	0.72889
3	195034163	218.58765	7205	0.68189	0.66823
3	195150706	219.00612	7210	0.72249	0.73110
3	195248047	219.07159	7215	0.63827	0.73077
3	195305297	219.10555	7220	0.61298	0.84732
3	195382058	219.11208	7225	0.58563	0.79132
3	195468947	219.15714	7230	0.54416	0.69390
3	195581300	219.43150	7235	0.51411	0.67496
3	195792447	219.82312	7240	0.51677	0.77402
3	195849038	219.89114	7245	0.54448	0.80153
3	195945516	219.99805	7250	0.55969	0.78654
3	196052790	220.05060	7255	0.61077	0.50046
3	196129687	220.13037	7260	0.63877	0.13450
3	196199681	220.32355	7265	0.68258	0.30640
3	196504437	220.55411	7270	0.63854	0.54703
3	196614864	220.87537	7275	0.48233	0.62115
3	196724263	221.39813	7280	0.14046	0.78834
3	196752844	221.42245	7285	0.14253	0.75348
3	196849976	221.57594	7290	0.34435	0.80566
3	196902221	221.60240	7295	0.59947	0.73151
3	197045691	221.91771	7300	0.64150	0.73471
3	197355542	222.24403	7305	0.63204	0.70048
3	197529456	222.64226	7310	0.68569	0.72778
3	197582362	222.84038	7315	0.74888	0.74953
3	197730341	222.94586	7320	0.79190	0.71063
3	197825179	223.04950	7325	0.80544	0.63150
3	197959451	223.22234	7330	0.71343	0.56317
