#reference_panel_population:	Africa	Europe	Middle_East
chromosome	physical_position	genetic_position	genetic_marker_index	Mozabite_24:::hap1:::Africa	Mozabite_24:::hap1:::Europe	Mozabite_24:::hap1:::Middle_East	Mozabite_24:::hap2:::Africa	Mozabite_24:::hap2:::Europe	Mozabite_24:::hap2:::Middle_East
12	86169	0.17671	0	0.00087	0.44867	0.55037	0.95284	0.04699	0.00015
12	161063	0.42015	5	0.00043	0.44915	0.55061	0.95297	0.04694	0.00009
12	209499	0.53259	10	0.00035	0.44915	0.55061	0.95297	0.04690	0.00009
12	246298	0.75233	15	0.00017	0.44915	0.55085	0.95314	0.04677	0.00008
12	359115	0.77560	20	0.00017	0.44915	0.55085	0.95314	0.04677	0.00008
12	515781	1.14554	25	0.00009	0.44746	0.55230	0.96143	0.03850	0.00006
12	583482	1.68012	30	0.00000	0.44240	0.55760	0.99403	0.00596	0.00001
12	631643	1.72842	35	0.00000	0.44240	0.55760	0.99411	0.00588	0.00001
12	822775	2.14798	40	0.00000	0.43278	0.56722	0.99659	0.00340	0.00000
12	973171	2.35531	45	0.00000	0.42776	0.57224	0.99681	0.00318	0.00000
12	1050815	2.38447	50	0.00000	0.42776	0.57224	0.99682	0.00318	0.00000
12	1132899	2.45145	55	0.00000	0.42513	0.57487	0.99683	0.00317	0.00000
12	1308536	2.50171	60	0.00001	0.42084	0.57916	0.99684	0.00316	0.00000
12	1354150	2.50965	65	0.00001	0.42084	0.57916	0.99684	0.00316	0.00000
12	1392107	2.51772	70	0.00001	0.42060	0.57940	0.99684	0.00316	0.00000
12	1513030	2.82593	75	0.00011	0.36818	0.63159	0.99715	0.00284	0.00001
12	1623352	3.46962	80	0.00060	0.17582	0.82361	0.99845	0.00152	0.00002
12	1907090	4.26858	85	0.00015	0.01187	0.98798	0.99980	0.00019	0.00001
12	2065878	4.65871	90	0.00002	0.00452	0.99546	0.99998	0.00001	0.00001
12	2201286	5.03863	95	0.00000	0.00133	0.99866	1.00000	0.00000	0.00000
12	2332861	5.15109	100	0.00000	0.00126	0.99874	1.00000	0.00000	0.00000
12	2415093	5.31300	105	0.00000	0.00120	0.99880	1.00000	0.00000	0.00000
12	2569308	5.94482	110	0.00000	0.00086	0.99914	1.00000	0.00000	0.00000
12	2742397	6.23476	115	0.00000	0.00085	0.99915	1.00000	0.00000	0.00000
12	2981275	6.71991	120	0.00000	0.00089	0.99911	1.00000	0.00000	0.00000
12	3110678	7.17645	125	0.00000	0.00097	0.99902	1.00000	0.00000	0.00000
12	3194063	7.37401	130	0.00000	0.00100	0.99900	1.00000	0.00000	0.00000
12	3253494	7.75575	135	0.00000	0.00115	0.99885	0.99996	0.00004	0.00000
12	3356016	8.09799	140	0.00001	0.00135	0.99864	0.99983	0.00017	0.00000
12	3457164	8.45208	145	0.00001	0.00172	0.99827	0.99896	0.00103	0.00000
12	3640962	8.98330	150	0.00000	0.00305	0.99695	0.99060	0.00940	0.00000
12	3670995	9.01221	155	0.00000	0.00305	0.99694	0.99056	0.00944	0.00000
12	3900293	9.59079	160	0.00001	0.00643	0.99356	0.96472	0.03524	0.00004
12	4020069	10.73391	165	0.00000	0.01285	0.98715	0.83815	0.16185	0.00002
12	4203627	10.96873	170	0.00000	0.01311	0.98689	0.83292	0.16708	0.00002
12	4357237	11.67388	175	0.00000	0.01479	0.98521	0.79327	0.20657	0.00011
12	4453246	11.90150	180	0.00000	0.01487	0.98513	0.78679	0.21305	0.00021
12	4548594	11.96306	185	0.00000	0.01489	0.98511	0.78629	0.21354	0.00025
12	4710699	12.21638	190	0.00000	0.01494	0.98506	0.77115	0.22661	0.00217
12	4770313	12.22691	195	0.00000	0.01494	0.98506	0.77115	0.22678	0.00217
12	4832480	12.32111	200	0.00000	0.01496	0.98504	0.76577	0.22919	0.00495
12	4886054	12.61902	205	0.00000	0.01499	0.98501	0.48584	0.30095	0.21354
12	4921564	12.73131	210	0.00000	0.01499	0.98501	0.38630	0.31321	0.30095
12	5023013	13.11270	215	0.00000	0.01463	0.98537	0.02738	0.34114	0.63137
12	5093922	13.42978	220	0.00000	0.01397	0.98603	0.00193	0.34027	0.65776
12	5159873	13.47844	225	0.00000	0.01393	0.98607	0.00185	0.34027	0.65776
12	5322561	13.88640	230	0.00000	0.01011	0.98989	0.00030	0.33764	0.66192
12	5536206	14.31576	235	0.00000	0.00539	0.99461	0.00008	0.33481	0.66519
12	5656762	14.66977	240	0.00000	0.00260	0.99740	0.00002	0.33285	0.66715
12	5788129	14.86026	245	0.00000	0.00213	0.99787	0.00001	0.33242	0.66758
12	5887401	15.08084	250	0.00000	0.00175	0.99825	0.00001	0.33177	0.66823
12	5955904	15.19351	255	0.00000	0.00170	0.99830	0.00001	0.33155	0.66845
12	5988250	15.41705	260	0.00000	0.00161	0.99839	0.00001	0.33069	0.66910
12	6126463	15.77883	265	0.00000	0.00155	0.99845	0.00000	0.32961	0.67039
12	6218947	15.89560	270	0.00000	0.00154	0.99846	0.00000	0.32939	0.67061
12	6337611	16.39100	275	0.00000	0.00157	0.99843	0.00000	0.32702	0.67298
12	6496490	17.02311	280	0.00000	0.00168	0.99832	0.00000	0.32359	0.67641
12	6535090	17.03425	285	0.00000	0.00168	0.99832	0.00000	0.32359	0.67641
12	6655192	17.12055	290	0.00000	0.00168	0.99832	0.00000	0.32359	0.67641
12	6716205	17.15140	295	0.00000	0.00168	0.99832	0.00000	0.32359	0.67641
12	6864487	17.79259	300	0.00000	0.00188	0.99812	0.00000	0.32274	0.67726
12	7232240	18.34259	305	0.00000	0.00201	0.99799	0.00000	0.32189	0.67811
12	7554691	18.72661	310	0.00000	0.00215	0.99785	0.00000	0.32103	0.67897
12	7622084	18.75363	315	0.00000	0.00215	0.99785	0.00000	0.32103	0.67897
12	7691879	18.83385	320	0.00000	0.00215	0.99785	0.00000	0.32082	0.67918
12	7803913	19.20194	325	0.00000	0.00221	0.99779	0.00001	0.31363	0.68637
12	7998851	19.89163	330	0.00000	0.00230	0.99770	0.00002	0.26474	0.73526
12	8155429	20.28869	335	0.00000	0.00233	0.99766	0.00000	0.24095	0.75905
12	8238647	20.54064	340	0.00003	0.00237	0.99760	0.00000	0.22936	0.77064
12	8348496	20.72187	345	0.00035	0.00243	0.99722	0.00000	0.22287	0.77713
12	8378744	20.74435	350	0.00039	0.00243	0.99718	0.00000	0.22287	0.77713
12	8541575	21.00959	355	0.02722	0.00268	0.97010	0.00015	0.19900	0.80085
12	8666047	21.58548	360	0.66149	0.00145	0.33699	0.00009	0.03558	0.96432
12	8805121	21.67381	365	0.67769	0.00138	0.32082	0.00009	0.03213	0.96778
12	8845245	21.83970	370	0.74558	0.00113	0.25331	0.00007	0.02084	0.97910
12	9017628	22.06975	375	0.93841	0.00029	0.06131	0.00000	0.00514	0.99486
12	9209254	22.18057	380	0.99722	0.00001	0.00277	0.00000	0.00194	0.99806
12	9281387	22.21898	385	0.99877	0.00001	0.00122	0.00000	0.00166	0.99834
12	9414407	22.31295	390	0.99988	0.00000	0.00012	0.00000	0.00011	0.99989
12	9587401	22.32708	395	0.99988	0.00000	0.00012	0.00000	0.00009	0.99991
12	9767088	22.43274	400	0.99997	0.00000	0.00003	0.00000	0.00001	0.99999
12	9832369	22.55322	405	0.99999	0.00000	0.00001	0.00000	0.00000	1.00000
12	9884342	22.69819	410	1.00000	0.00000	0.00000	0.00000	0.00000	1.00000
12	10032516	22.98429	415	1.00000	0.00000	0.00000	0.00000	0.00000	1.00000
12	10100629	23.05779	420	1.00000	0.00000	0.00000	0.00000	0.00000	1.00000
12	10188003	23.17505	425	1.00000	0.00000	0.00000	0.00000	0.00000	1.00000
12	10241173	23.30367	430	1.00000	0.00000	0.00000	0.00000	0.00000	1.00000
12	10334979	23.47623	435	1.00000	0.00000	0.00000	0.00000	0.00000	1.00000
12	10489878	23.67050	440	1.00000	0.00000	0.00000	0.00000	0.00000	1.00000
12	10549305	23.72138	445	1.00000	0.00000	0.00000	0.00000	0.00000	1.00000
12	10657738	23.79201	450	1.00000	0.00000	0.00000	0.00000	0.00000	1.00000
12	10691237	23.93358	455	0.99984	0.00014	0.00002	0.00000	0.00000	1.00000
12	10801784	24.17387	460	0.98634	0.01321	0.00045	0.00000	0.00000	1.00000
12	11008786	24.21739	465	0.97448	0.02496	0.00055	0.00000	0.00000	1.00000
12	11120806	24.22070	470	0.97434	0.02511	0.00055	0.00000	0.00000	1.00000
12	11167698	24.25553	475	0.92664	0.07270	0.00066	0.00000	0.00000	1.00000
12	11308868	24.57341	480	0.05899	0.93801	0.00304	0.00000	0.00000	1.00000
12	11404397	24.74631	485	0.00981	0.98723	0.00296	0.00000	0.00000	1.00000
12	11515237	24.81295	490	0.00893	0.98813	0.00294	0.00000	0.00000	1.00000
12	11638488	25.42242	495	0.00051	0.99795	0.00154	0.00000	0.00001	0.99999
12	11799490	25.95786	500	0.00001	0.99907	0.00091	0.00000	0.00001	0.99999
12	11880636	26.25208	505	0.00000	0.99922	0.00078	0.00000	0.00001	0.99999
12	11984673	26.88774	510	0.00000	0.99982	0.00018	0.00000	0.00001	0.99999
12	12154710	27.32013	515	0.00000	0.99995	0.00005	0.00000	0.00001	0.99999
12	12334162	27.57277	520	0.00000	0.99997	0.00003	0.00000	0.00000	1.00000
12	12417406	27.85654	525	0.00000	0.99999	0.00001	0.00000	0.00000	1.00000
12	12492762	27.91150	530	0.00000	0.99999	0.00001	0.00000	0.00000	1.00000
12	12674620	28.31583	535	0.00000	1.00000	0.00000	0.00000	0.00001	0.99999
12	12748953	28.49620	540	0.00000	1.00000	0.00000	0.00000	0.00002	0.99998
12	12786958	28.71902	545	0.00000	1.00000	0.00000	0.00000	0.00007	0.99993
12	12952745	29.40808	550	0.00000	1.00000	0.00000	0.00000	0.00241	0.99759
12	13207138	29.76795	555	0.00000	1.00000	0.00000	0.00000	0.00532	0.99468
12	13387007	30.10612	560	0.00000	1.00000	0.00000	0.00000	0.01900	0.98100
12	13550333	30.46822	565	0.00000	0.99999	0.00001	0.00000	0.07457	0.92543
12	13754531	30.65462	570	0.00000	0.99999	0.00001	0.00001	0.11163	0.88837
12	14224354	31.35071	575	0.00000	0.99994	0.00006	0.00001	0.65335	0.34665
12	14336044	31.53801	580	0.00000	0.99993	0.00007	0.00000	0.69118	0.30882
12	14489372	31.55165	585	0.00000	0.99993	0.00007	0.00000	0.69139	0.30861
12	14708651	31.81540	590	0.00000	0.99992	0.00008	0.00000	0.72778	0.27222
12	14902577	31.93285	595	0.00000	0.99991	0.00009	0.00000	0.73336	0.26664
12	14996534	32.09534	600	0.00000	0.99990	0.00010	0.00000	0.74373	0.25627
12	15139819	32.45205	605	0.00000	0.99969	0.00031	0.00000	0.81479	0.18521
12	15428427	32.60704	610	0.00000	0.99962	0.00038	0.00000	0.82147	0.17853
12	15474245	32.61955	615	0.00000	0.99962	0.00038	0.00000	0.82147	0.17853
12	15622173	32.75118	620	0.00000	0.99923	0.00077	0.00000	0.82319	0.17681
12	15967788	33.04613	625	0.00000	0.98521	0.01479	0.00000	0.82838	0.17162
12	16049451	33.22262	630	0.00001	0.94825	0.05170	0.00000	0.82935	0.17065
12	16208486	33.68830	635	0.00002	0.43254	0.56746	0.00000	0.83346	0.16654
12	16359194	33.91154	640	0.00000	0.18803	0.81197	0.00001	0.83400	0.16600
12	16463806	34.00631	645	0.00000	0.16027	0.83973	0.00001	0.83414	0.16586
12	16693985	34.31928	650	0.00000	0.03578	0.96422	0.00033	0.83414	0.16559
12	16801766	34.50093	655	0.00000	0.01144	0.98856	0.00078	0.83373	0.16546
12	16975105	34.62259	660	0.00000	0.00716	0.99284	0.00142	0.83319	0.16532
12	17216013	34.87889	665	0.00000	0.00169	0.99831	0.00180	0.83305	0.16505
12	17308151	35.07507	670	0.00000	0.00012	0.99988	0.00189	0.83305	0.16505
12	17445563	35.14296	675	0.00000	0.00004	0.99996	0.00190	0.83305	0.16505
12	17615183	35.23597	680	0.00000	0.00001	0.99999	0.00190	0.83292	0.16519
12	17692096	35.28500	685	0.00000	0.00000	1.00000	0.00189	0.83292	0.16519
12	17786579	35.30793	690	0.00000	0.00000	1.00000	0.00189	0.83292	0.16519
12	17854565	35.32018	695	0.00000	0.00000	1.00000	0.00189	0.83292	0.16532
12	17919675	35.36235	700	0.00000	0.00000	1.00000	0.00181	0.83278	0.16532
12	18148117	35.47370	705	0.00000	0.00000	1.00000	0.00078	0.83251	0.16668
12	18239281	35.59578	710	0.00000	0.00000	1.00000	0.00016	0.83237	0.16749
12	18424443	35.69884	715	0.00000	0.00000	1.00000	0.00004	0.83224	0.16776
12	18491194	35.77729	720	0.00000	0.00000	1.00000	0.00003	0.83210	0.16790
12	18670168	36.02378	725	0.00000	0.00000	1.00000	0.00000	0.83196	0.16804
12	18755579	36.07037	730	0.00000	0.00000	1.00000	0.00000	0.83196	0.16804
12	18831378	36.08753	735	0.00000	0.00000	1.00000	0.00000	0.83196	0.16804
12	19032749	36.22279	740	0.00000	0.00000	1.00000	0.00000	0.83237	0.16763
12	19169753	36.31252	745	0.00000	0.00000	1.00000	0.00000	0.83278	0.16722
12	19479640	36.40381	750	0.00000	0.00000	1.00000	0.00000	0.83332	0.16668
12	19648819	36.62998	755	0.00001	0.00000	0.99999	0.00000	0.83575	0.16425
12	19717280	36.70960	760	0.00001	0.00000	0.99999	0.00001	0.83602	0.16385
12	19773773	36.83171	765	0.00001	0.00000	0.99999	0.00001	0.83655	0.16345
12	19820881	36.98904	770	0.00001	0.00000	0.99999	0.00004	0.83722	0.16265
12	19962486	37.31131	775	0.00000	0.00000	1.00000	0.00043	0.83934	0.16013
12	20030096	37.35052	780	0.00000	0.00000	1.00000	0.00046	0.83934	0.16013
12	20169959	37.62127	785	0.00000	0.00000	1.00000	0.01170	0.83155	0.15675
12	20364386	37.96215	790	0.00001	0.00000	0.99999	0.12754	0.74149	0.13095
12	20494251	38.34420	795	0.00000	0.00000	0.99999	0.26683	0.62681	0.10632
12	20624848	38.49154	800	0.00000	0.00000	0.99999	0.29543	0.60206	0.10248
12	20753030	39.05935	805	0.00000	0.00001	0.99999	0.90218	0.09138	0.00641
12	20819177	39.08075	810	0.00000	0.00001	0.99999	0.90355	0.09017	0.00623
12	20895879	39.17098	815	0.00000	0.00002	0.99998	0.94324	0.05345	0.00331
12	21033396	39.23952	820	0.00000	0.00002	0.99998	0.96452	0.03343	0.00205
12	21176827	39.34337	825	0.00000	0.00002	0.99998	0.99150	0.00784	0.00067
12	21328948	39.41047	830	0.00000	0.00002	0.99998	0.99411	0.00536	0.00053
12	21423984	39.64766	835	0.00000	0.00003	0.99997	0.99995	0.00004	0.00001
12	21485646	39.67232	840	0.00000	0.00003	0.99997	0.99997	0.00002	0.00001
12	21563121	39.72824	845	0.00000	0.00003	0.99997	0.99999	0.00001	0.00001
12	21827886	39.94905	850	0.00000	0.00003	0.99997	1.00000	0.00000	0.00000
12	22000793	40.16105	855	0.00000	0.00002	0.99998	1.00000	0.00000	0.00000
12	22278064	40.59692	860	0.00000	0.00000	1.00000	1.00000	0.00000	0.00000
12	22432053	40.73359	865	0.00000	0.00000	1.00000	1.00000	0.00000	0.00000
12	22528445	40.74963	870	0.00000	0.00000	1.00000	1.00000	0.00000	0.00000
12	22696947	40.79110	875	0.00000	0.00000	1.00000	1.00000	0.00000	0.00000
12	22753342	40.99129	880	0.00000	0.00001	0.99999	1.00000	0.00000	0.00000
12	22924811	41.54805	885	0.00000	0.00013	0.99987	1.00000	0.00000	0.00000
12	23040988	41.90211	890	0.00000	0.00026	0.99974	0.99998	0.00000	0.00002
12	23166410	41.98838	895	0.00000	0.00028	0.99972	0.99996	0.00000	0.00004
12	23314542	42.02903	900	0.00000	0.00028	0.99972	0.99989	0.00000	0.00011
12	23423602	42.04679	905	0.00000	0.00028	0.99972	0.99979	0.00000	0.00021
12	23600120	42.36972	910	0.00000	0.00049	0.99951	0.84910	0.00089	0.15003
12	23731375	42.77429	915	0.00000	0.00067	0.99933	0.56602	0.00180	0.43230
12	23958151	43.11232	920	0.00000	0.00076	0.99924	0.14584	0.00246	0.85158
12	24057785	43.27597	925	0.00000	0.00077	0.99923	0.10762	0.00247	0.88991
12	24278601	43.89486	930	0.00000	0.00080	0.99920	0.00854	0.00106	0.99040
12	24458341	44.46085	935	0.00000	0.00077	0.99923	0.00004	0.00028	0.99969
12	24697625	44.62952	940	0.00000	0.00075	0.99925	0.00000	0.00023	0.99976
12	24767732	44.67789	945	0.00000	0.00075	0.99925	0.00000	0.00023	0.99977
12	24943781	45.09723	950	0.00000	0.00041	0.99959	0.00000	0.00011	0.99989
12	25031962	45.32297	955	0.00000	0.00030	0.99970	0.00000	0.00007	0.99993
12	25154924	45.60214	960	0.00000	0.00017	0.99983	0.00000	0.00002	0.99998
12	25202982	45.60822	965	0.00000	0.00017	0.99983	0.00000	0.00002	0.99998
12	25286472	45.76556	970	0.00000	0.00012	0.99988	0.00000	0.00001	0.99999
12	25365273	45.99754	975	0.00000	0.00005	0.99995	0.00000	0.00001	0.99999
12	25493924	46.21745	980	0.00000	0.00001	0.99999	0.00000	0.00000	1.00000
12	25604389	46.32862	985	0.00000	0.00000	1.00000	0.00000	0.00000	1.00000
12	25663587	46.41999	990	0.00000	0.00000	1.00000	0.00000	0.00000	1.00000
12	25785628	46.45246	995	0.00000	0.00000	1.00000	0.00000	0.00000	1.00000
12	25907490	46.70214	1000	0.00000	0.00000	1.00000	0.00000	0.00000	0.99999
12	25986470	46.74730	1005	0.00000	0.00000	1.00000	0.00000	0.00001	0.99999
12	26139888	46.93610	1010	0.00000	0.00000	1.00000	0.00000	0.00002	0.99998
12	26289697	47.17606	1015	0.00000	0.00000	1.00000	0.00000	0.00004	0.99996
12	26424416	47.46859	1020	0.00000	0.00000	1.00000	0.00000	0.00007	0.99993
12	26611638	47.67615	1025	0.00000	0.00000	1.00000	0.00000	0.00009	0.99991
12	26788920	47.84765	1030	0.00000	0.00000	1.00000	0.00000	0.00010	0.99990
12	26849032	47.92002	1035	0.00000	0.00000	1.00000	0.00000	0.00010	0.99990
12	27029836	48.06419	1040	0.00000	0.00000	1.00000	0.00000	0.00010	0.99989
12	27122442	48.06880	1045	0.00000	0.00000	1.00000	0.00000	0.00010	0.99989
12	27216339	48.07362	1050	0.00000	0.00000	1.00000	0.00000	0.00010	0.99989
12	27348746	48.12468	1055	0.00000	0.00000	1.00000	0.00001	0.00010	0.99988
12	27499096	48.28286	1060	0.00000	0.00000	1.00000	0.00187	0.00005	0.99808
12	27602651	48.39532	1065	0.00000	0.00000	1.00000	0.00244	0.00004	0.99752
12	27800351	48.75645	1070	0.00000	0.00000	1.00000	0.00590	0.00000	0.99410
12	27848935	48.97813	1075	0.00000	0.00000	1.00000	0.00631	0.00000	0.99369
12	27998676	49.12766	1080	0.00000	0.00000	1.00000	0.00636	0.00000	0.99364
12	28126883	49.35003	1085	0.00000	0.00000	1.00000	0.00641	0.00000	0.99359
12	28361611	49.38471	1090	0.00000	0.00000	1.00000	0.00641	0.00000	0.99359
12	28520256	49.39980	1095	0.00000	0.00000	1.00000	0.00641	0.00000	0.99359
12	28773220	49.65811	1100	0.00000	0.00001	0.99999	0.00624	0.00000	0.99376
12	28903760	49.90061	1105	0.00000	0.00001	0.99999	0.00582	0.00000	0.99417
12	28960844	50.04962	1110	0.00000	0.00001	0.99999	0.00421	0.00000	0.99579
12	29087025	50.15833	1115	0.00000	0.00001	0.99999	0.00289	0.00000	0.99711
12	29205200	50.19164	1120	0.00000	0.00001	0.99999	0.00276	0.00000	0.99724
12	29319115	50.31462	1125	0.00000	0.00001	0.99999	0.00161	0.00000	0.99838
12	29488265	50.41706	1130	0.00000	0.00001	0.99999	0.00146	0.00000	0.99854
12	29725308	51.04789	1135	0.00000	0.00000	1.00000	0.00005	0.00000	0.99995
12	29841821	51.19601	1140	0.00000	0.00000	1.00000	0.00000	0.00000	1.00000
12	29858826	51.19756	1145	0.00000	0.00000	1.00000	0.00000	0.00000	1.00000
12	29916943	51.21447	1150	0.00000	0.00000	1.00000	0.00000	0.00000	1.00000
12	29992207	51.32835	1155	0.00000	0.00000	1.00000	0.00000	0.00000	1.00000
12	30098804	51.54653	1160	0.00000	0.00000	1.00000	0.00000	0.00000	1.00000
12	30156868	51.60850	1165	0.00000	0.00000	1.00000	0.00000	0.00000	1.00000
12	30202614	51.67635	1170	0.00000	0.00000	1.00000	0.00000	0.00000	1.00000
12	30251969	51.75923	1175	0.00000	0.00000	1.00000	0.00000	0.00000	1.00000
12	30277594	51.78045	1180	0.00000	0.00000	1.00000	0.00000	0.00000	1.00000
12	30333451	51.79951	1185	0.00000	0.00000	1.00000	0.00000	0.00000	1.00000
12	30452309	51.86850	1190	0.00000	0.00000	1.00000	0.00000	0.00002	0.99998
12	30517914	51.90762	1195	0.00000	0.00000	1.00000	0.00000	0.00003	0.99997
12	30631305	52.05642	1200	0.00000	0.00000	1.00000	0.00000	0.00026	0.99974
12	30810865	52.12680	1205	0.00000	0.00000	1.00000	0.00000	0.00035	0.99965
12	30875064	52.29883	1210	0.00000	0.00000	1.00000	0.00000	0.00140	0.99860
12	30961298	52.54815	1215	0.00000	0.00000	1.00000	0.00000	0.00849	0.99151
12	31081023	52.79828	1220	0.00000	0.00000	1.00000	0.00000	0.02764	0.97236
12	31196372	52.85381	1225	0.00000	0.00000	1.00000	0.00000	0.03210	0.96790
12	31306256	52.98714	1230	0.00000	0.00000	1.00000	0.00000	0.04968	0.95032
12	31442358	53.14145	1235	0.00000	0.00001	0.99999	0.00000	0.07787	0.92213
12	31625970	53.19077	1240	0.00000	0.00001	0.99999	0.00000	0.08021	0.91979
12	31808993	53.41700	1245	0.00000	0.00022	0.99978	0.00000	0.16438	0.83562
12	31909405	53.51102	1250	0.00000	0.00033	0.99967	0.00000	0.18403	0.81597
12	32042035	53.96391	1255	0.00000	0.03195	0.96805	0.00001	0.83114	0.16886
12	32086423	54.05733	1260	0.00000	0.04173	0.95827	0.00000	0.87779	0.12221
12	32132591	54.13027	1265	0.00000	0.05296	0.94704	0.00000	0.89238	0.10762
12	32351729	54.40504	1270	0.00000	0.22816	0.77184	0.00000	0.99517	0.00483
12	32453675	54.42989	1275	0.00000	0.22954	0.77046	0.00000	0.99556	0.00444
12	32516370	54.53270	1280	0.00000	0.24690	0.75310	0.00000	0.99849	0.00151
12	32570537	54.61386	1285	0.00000	0.25720	0.74280	0.00000	0.99914	0.00086
12	32698483	54.67233	1290	0.00000	0.26077	0.73923	0.00000	0.99927	0.00073
12	32921240	54.86847	1295	0.00000	0.28081	0.71919	0.00000	0.99984	0.00016
12	33031084	55.05550	1300	0.00000	0.28777	0.71223	0.00000	0.99998	0.00002
12	33144535	55.11033	1305	0.00000	0.28797	0.71203	0.00000	0.99999	0.00001
12	33217385	55.12978	1310	0.00000	0.28797	0.71203	0.00000	0.99999	0.00001
12	33280099	55.15389	1315	0.00000	0.28797	0.71203	0.00000	0.99999	0.00001
12	33400264	55.21788	1320	0.00000	0.28797	0.71203	0.00000	1.00000	0.00000
12	33637026	55.27190	1325	0.00000	0.28797	0.71203	0.00000	1.00000	0.00000
12	33748705	55.30688	1330	0.00000	0.28797	0.71203	0.00000	1.00000	0.00000
12	33908448	55.33563	1335	0.00000	0.28797	0.71203	0.00000	1.00000	0.00000
12	34070380	55.35440	1340	0.00000	0.28797	0.71203	0.00000	1.00000	0.00000
12	34083950	55.35497	1345	0.00000	0.28797	0.71203	0.00000	1.00000	0.00000
12	34201287	55.39740	1350	0.00000	0.28797	0.71203	0.00000	1.00000	0.00000
12	34286060	55.40766	1355	0.00000	0.28817	0.71183	0.00000	1.00000	0.00000
12	34358065	55.44398	1360	0.00000	0.28817	0.71183	0.00000	1.00000	0.00000
12	34462504	55.44819	1365	0.00000	0.28817	0.71183	0.00000	1.00000	0.00000
12	34584134	55.45442	1370	0.00000	0.28817	0.71183	0.00000	1.00000	0.00000
12	34681643	55.45870	1375	0.00000	0.28817	0.71183	0.00000	1.00000	0.00000
12	37311092	55.45984	1380	0.00000	0.28817	0.71183	0.00000	1.00000	0.00000
12	37392785	55.45984	1385	0.00000	0.28817	0.71183	0.00000	1.00000	0.00000
12	37464097	55.45985	1390	0.00000	0.28817	0.71183	0.00000	1.00000	0.00000
12	37605308	55.48521	1395	0.00000	0.28817	0.71183	0.00000	1.00000	0.00000
12	37673516	55.48783	1400	0.00000	0.28817	0.71183	0.00000	1.00000	0.00000
12	37753988	55.49231	1405	0.00000	0.28817	0.71183	0.00000	1.00000	0.00000
12	37776078	55.49326	1410	0.00000	0.28817	0.71183	0.00000	1.00000	0.00000
12	37848362	55.49443	1415	0.00000	0.28817	0.71183	0.00000	1.00000	0.00000
12	37891216	55.49717	1420	0.00000	0.28817	0.71183	0.00000	1.00000	0.00000
12	37959030	55.50072	1425	0.00000	0.28817	0.71183	0.00000	1.00000	0.00000
12	38085486	55.51335	1430	0.00000	0.28817	0.71183	0.00000	1.00000	0.00000
12	38147637	55.51995	1435	0.00000	0.28817	0.71183	0.00000	1.00000	0.00000
12	38234890	55.52802	1440	0.00000	0.28817	0.71183	0.00000	1.00000	0.00000
12	38443131	55.55577	1445	0.00000	0.28817	0.71183	0.00000	1.00000	0.00000
12	38529494	55.56322	1450	0.00000	0.28817	0.71183	0.00000	1.00000	0.00000
12	38691917	55.58429	1455	0.00000	0.28817	0.71183	0.00000	1.00000	0.00000
12	38795854	55.60141	1460	0.00000	0.28817	0.71183	0.00000	1.00000	0.00000
12	38976005	55.62697	1465	0.00000	0.28817	0.71183	0.00000	1.00000	0.00000
12	39050023	55.64754	1470	0.00000	0.28817	0.71183	0.00000	1.00000	0.00000
12	39151783	55.68193	1475	0.00000	0.28817	0.71183	0.00000	1.00000	0.00000
12	39227533	55.71003	1480	0.00000	0.28817	0.71183	0.00000	1.00000	0.00000
12	39433981	55.75981	1485	0.00002	0.28817	0.71183	0.00000	1.00000	0.00000
12	39777793	55.81977	1490	0.00043	0.28797	0.71163	0.00000	1.00000	0.00000
12	39910572	55.88228	1495	0.00788	0.28577	0.70639	0.00000	1.00000	0.00000
12	40114362	56.04789	1500	0.70700	0.02063	0.27241	0.00000	1.00000	0.00000
12	40205137	56.09971	1505	0.75654	0.00044	0.24310	0.00000	1.00000	0.00000
12	40256303	56.12823	1510	0.75726	0.00014	0.24256	0.00000	1.00000	0.00000
12	40373229	56.19056	1515	0.75762	0.00001	0.24238	0.00000	1.00000	0.00000
12	40402532	56.20768	1520	0.75762	0.00001	0.24238	0.00000	1.00000	0.00000
12	40509767	56.28094	1525	0.75762	0.00000	0.24238	0.00000	0.99999	0.00001
12	40536907	56.28740	1530	0.75762	0.00000	0.24238	0.00000	0.99999	0.00001
12	40711499	56.39614	1535	0.75618	0.00000	0.24382	0.00000	0.99992	0.00008
12	40872815	56.54065	1540	0.74036	0.00000	0.25964	0.00000	0.99974	0.00026
12	41014916	56.58054	1545	0.73317	0.00000	0.26683	0.00000	0.99973	0.00027
12	41204730	56.63651	1550	0.59925	0.00000	0.40075	0.00000	0.99970	0.00030
12	41291969	56.66232	1555	0.45326	0.00002	0.54650	0.00000	0.99970	0.00030
12	41444692	56.86236	1560	0.00018	0.00003	0.99979	0.00000	0.99956	0.00044
12	41507280	56.88072	1565	0.00004	0.00003	0.99993	0.00000	0.99956	0.00044
12	41561141	56.92459	1570	0.00000	0.00003	0.99997	0.00000	0.99950	0.00049
12	41624873	56.95534	1575	0.00000	0.00003	0.99997	0.00002	0.99939	0.00059
12	41686546	56.97910	1580	0.00000	0.00003	0.99997	0.00019	0.99911	0.00070
12	41776029	57.04970	1585	0.00000	0.00002	0.99998	0.02795	0.96906	0.00300
12	41902283	57.12294	1590	0.00000	0.00001	0.99999	0.66149	0.33134	0.00715
12	42019087	57.27065	1595	0.00000	0.00000	1.00000	0.96313	0.01456	0.02233
12	42417188	57.31072	1600	0.00000	0.00000	1.00000	0.96584	0.01129	0.02289
12	42553392	57.47980	1605	0.00000	0.00000	1.00000	0.97004	0.00137	0.02860
12	42619869	57.51569	1610	0.00000	0.00000	1.00000	0.97001	0.00132	0.02865
12	42671391	57.60324	1615	0.00000	0.00000	1.00000	0.96935	0.00126	0.02937
12	42841071	57.86309	1620	0.00000	0.00000	1.00000	0.93493	0.00118	0.06383
12	43014791	58.03719	1625	0.00000	0.00000	1.00000	0.81078	0.00204	0.18728
12	43141903	58.13420	1630	0.00000	0.00000	1.00000	0.58889	0.00773	0.40333
12	43244280	58.18921	1635	0.00000	0.00000	1.00000	0.33264	0.02849	0.63884
12	43343515	58.22326	1640	0.00000	0.00000	1.00000	0.10448	0.08277	0.81272
12	43463207	58.23694	1645	0.00000	0.00000	1.00000	0.10106	0.08344	0.81553
12	43733520	58.52302	1650	0.00000	0.00000	1.00000	0.00078	0.10000	0.89921
12	43907750	58.59566	1655	0.00000	0.00000	1.00000	0.00028	0.10000	0.89974
12	44195205	58.77996	1660	0.00000	0.00000	1.00000	0.00001	0.09982	0.90018
12	44395713	58.92522	1665	0.00000	0.00000	1.00000	0.00000	0.09973	0.90027
12	44524497	59.00959	1670	0.00000	0.00000	1.00000	0.00000	0.09973	0.90027
12	44620203	59.13731	1675	0.00000	0.00000	1.00000	0.00000	0.09965	0.90035
12	44705612	59.15508	1680	0.00000	0.00000	1.00000	0.00000	0.09965	0.90035
12	44746744	59.16104	1685	0.00000	0.00000	1.00000	0.00000	0.09965	0.90035
12	44871841	59.35020	1690	0.00000	0.00000	1.00000	0.00000	0.09956	0.90044
12	45003236	59.37228	1695	0.00000	0.00000	1.00000	0.00000	0.09956	0.90044
12	45193436	59.46877	1700	0.00000	0.00000	1.00000	0.00000	0.09947	0.90053
12	45364194	59.52507	1705	0.00000	0.00000	1.00000	0.00000	0.09947	0.90053
12	45498443	59.59753	1710	0.00000	0.00000	1.00000	0.00000	0.09947	0.90053
12	45592688	59.69271	1715	0.00000	0.00000	1.00000	0.00000	0.09956	0.90044
12	45823889	60.03817	1720	0.00000	0.00000	1.00000	0.00000	0.10044	0.89956
12	46080285	60.06727	1725	0.00000	0.00000	1.00000	0.00000	0.10044	0.89956
12	46230024	60.37455	1730	0.00000	0.00000	1.00000	0.00000	0.10088	0.89912
12	46423808	60.42885	1735	0.00000	0.00000	1.00000	0.00000	0.10088	0.89912
12	46481506	60.43950	1740	0.00000	0.00000	1.00000	0.00000	0.10088	0.89912
12	46648132	60.45354	1745	0.00000	0.00000	1.00000	0.00000	0.10088	0.89912
12	46748102	60.47974	1750	0.00000	0.00000	1.00000	0.00000	0.10088	0.89912
12	46903433	60.56339	1755	0.00000	0.00000	1.00000	0.00002	0.10088	0.89912
12	46980187	60.60667	1760	0.00000	0.00000	1.00000	0.00004	0.10088	0.89903
12	47147892	60.90961	1765	0.00000	0.00000	1.00000	0.00783	0.09877	0.89340
12	47246737	61.00666	1770	0.00000	0.00000	1.00000	0.01097	0.09791	0.89115
12	47333425	61.33326	1775	0.00000	0.00000	1.00000	0.17483	0.06543	0.75976
12	47599763	61.72585	1780	0.00000	0.00000	1.00000	0.97687	0.00022	0.02291
12	47639324	61.72935	1785	0.00000	0.00000	1.00000	0.97704	0.00022	0.02274
12	47778275	61.78940	1790	0.00000	0.00000	1.00000	0.98471	0.00008	0.01520
12	47854715	62.02512	1795	0.00000	0.00000	1.00000	0.99671	0.00001	0.00328
12	47978294	62.37074	1800	0.00000	0.00000	1.00000	0.99997	0.00000	0.00003
12	48060898	62.42714	1805	0.00000	0.00000	1.00000	0.99997	0.00000	0.00003
12	48182249	62.44477	1810	0.00000	0.00000	1.00000	0.99997	0.00000	0.00003
12	48339970	62.46573	1815	0.00000	0.00000	1.00000	0.99997	0.00000	0.00003
12	48382471	62.48415	1820	0.00000	0.00000	1.00000	0.99997	0.00000	0.00003
12	48452508	62.53432	1825	0.00000	0.00000	1.00000	0.99997	0.00000	0.00003
12	48659664	62.78124	1830	0.00000	0.00001	0.99999	0.99850	0.00000	0.00150
12	48711249	62.78439	1835	0.00000	0.00001	0.99999	0.99850	0.00000	0.00150
12	48863928	62.96735	1840	0.00000	0.00001	0.99999	0.93914	0.00000	0.06086
12	49073547	63.08536	1845	0.00000	0.00001	0.99999	0.75690	0.00002	0.24310
12	49205020	63.11272	1850	0.00000	0.00001	0.99999	0.69905	0.00003	0.30095
12	49315439	63.20828	1855	0.00000	0.00001	0.99999	0.12421	0.00014	0.87568
12	49637654	63.29023	1860	0.00000	0.00002	0.99998	0.06730	0.00014	0.93251
12	49842009	63.46341	1865	0.00000	0.00005	0.99995	0.03585	0.00012	0.96402
12	49966678	63.98033	1870	0.00000	0.00046	0.99954	0.00046	0.00002	0.99952
12	50280970	64.13609	1875	0.00000	0.00051	0.99949	0.00000	0.00001	0.99999
12	50508294	64.18694	1880	0.00000	0.00051	0.99949	0.00000	0.00001	0.99999
12	50825968	64.21066	1885	0.00000	0.00052	0.99948	0.00000	0.00001	0.99999
12	50928947	64.26963	1890	0.00000	0.00059	0.99941	0.00000	0.00001	0.99999
12	51058879	64.29128	1895	0.00000	0.00061	0.99939	0.00000	0.00001	0.99999
12	51311006	64.50517	1900	0.00000	0.00655	0.99344	0.00000	0.00001	0.99999
12	51451911	64.96519	1905	0.00009	0.08953	0.91039	0.00000	0.00000	1.00000
12	51855219	65.32250	1910	0.00011	0.21387	0.78597	0.00000	0.00000	1.00000
12	52043298	65.68250	1915	0.00001	0.47463	0.52537	0.00000	0.00000	1.00000
12	52113560	65.76842	1920	0.00001	0.49707	0.50293	0.00000	0.00000	1.00000
12	52205335	66.05910	1925	0.00001	0.80116	0.19884	0.00000	0.00000	1.00000
12	52276792	66.43362	1930	0.00000	0.96938	0.03062	0.00000	0.00000	1.00000
12	52344596	66.49706	1935	0.00000	0.97205	0.02795	0.00000	0.00000	1.00000
12	52445466	66.60207	1940	0.00000	0.97439	0.02561	0.00000	0.00000	1.00000
12	52519619	66.62952	1945	0.00000	0.97446	0.02554	0.00000	0.00000	1.00000
12	52579209	66.90736	1950	0.00000	0.97861	0.02139	0.00000	0.00000	1.00000
12	52639142	66.94669	1955	0.00000	0.97873	0.02127	0.00000	0.00000	1.00000
12	52755987	67.21891	1960	0.00000	0.98339	0.01661	0.00000	0.00000	1.00000
12	53002277	67.70515	1965	0.00000	0.99482	0.00518	0.00000	0.00000	1.00000
12	53297257	68.05974	1970	0.00000	0.99941	0.00059	0.00000	0.00000	1.00000
12	53386609	68.07039	1975	0.00000	0.99941	0.00059	0.00000	0.00000	1.00000
12	53574974	68.10310	1980	0.00000	0.99942	0.00058	0.00000	0.00000	1.00000
12	53648018	68.11118	1985	0.00000	0.99942	0.00058	0.00000	0.00000	1.00000
12	53801249	68.38150	1990	0.00000	0.99988	0.00012	0.00000	0.00000	1.00000
12	53917597	68.50848	1995	0.00000	0.99991	0.00009	0.00000	0.00000	1.00000
12	54034963	68.79233	2000	0.00000	0.99996	0.00004	0.00000	0.00000	1.00000
12	54115388	68.98975	2005	0.00000	0.99996	0.00004	0.00000	0.00000	1.00000
12	54321785	69.32323	2010	0.00000	0.99997	0.00003	0.00000	0.00001	0.99999
12	54659390	69.98805	2015	0.00007	0.99988	0.00005	0.00000	0.00029	0.99971
12	54812267	70.19293	2020	0.00010	0.99984	0.00006	0.00000	0.00044	0.99956
12	54909029	70.22200	2025	0.00010	0.99984	0.00006	0.00000	0.00045	0.99955
12	55002423	70.43630	2030	0.00503	0.99476	0.00021	0.00000	0.00172	0.99828
12	55069772	70.69900	2035	0.13342	0.86420	0.00240	0.00000	0.00502	0.99498
12	55196758	70.72993	2040	0.14694	0.85059	0.00247	0.00000	0.00510	0.99490
12	55373511	70.80161	2045	0.96040	0.03646	0.00314	0.00000	0.00544	0.99456
12	55450077	70.81659	2050	0.96701	0.02982	0.00316	0.00000	0.00545	0.99455
12	55505227	70.85776	2055	0.97761	0.01920	0.00321	0.00000	0.00554	0.99446
12	55638208	70.91171	2060	0.98207	0.01470	0.00323	0.00002	0.00564	0.99434
12	55816900	71.22411	2065	0.99443	0.00234	0.00322	0.00274	0.00767	0.98959
12	56220157	71.52202	2070	0.99606	0.00077	0.00317	0.01093	0.00887	0.98019
12	56444487	71.69714	2075	0.99644	0.00042	0.00314	0.01787	0.00900	0.97314
12	56618045	71.94540	2080	0.99692	0.00005	0.00302	0.02830	0.00904	0.96264
12	56784545	71.96266	2085	0.99693	0.00005	0.00302	0.02836	0.00904	0.96260
12	57147482	72.19063	2090	0.99704	0.00001	0.00295	0.04977	0.00828	0.94192
12	57355709	72.42150	2095	0.99725	0.00000	0.00274	0.12221	0.00636	0.87147
12	57606289	72.58733	2100	0.99831	0.00000	0.00169	0.19042	0.00402	0.80563
12	57753730	72.63979	2105	0.99841	0.00000	0.00159	0.20387	0.00367	0.79246
12	57959475	72.69637	2110	0.99851	0.00000	0.00149	0.22508	0.00334	0.77167
12	58063434	72.71040	2115	0.99852	0.00000	0.00148	0.22627	0.00333	0.77029
12	58221181	72.88881	2120	0.99895	0.00000	0.00105	0.37823	0.00272	0.61924
12	58452560	73.20617	2125	0.99981	0.00000	0.00018	0.66888	0.00043	0.33069
12	58604007	73.36082	2130	0.99992	0.00000	0.00008	0.69077	0.00018	0.30902
12	58719781	73.52562	2135	0.99998	0.00000	0.00002	0.70457	0.00004	0.29543
12	58817245	73.60941	2140	0.99998	0.00000	0.00002	0.70558	0.00002	0.29442
12	58915508	73.76632	2145	1.00000	0.00000	0.00000	0.70619	0.00001	0.29381
12	59021629	73.86745	2150	1.00000	0.00000	0.00000	0.70619	0.00001	0.29381
12	59311610	74.02567	2155	1.00000	0.00000	0.00000	0.70619	0.00000	0.29381
12	59487035	74.07029	2160	1.00000	0.00000	0.00000	0.70619	0.00000	0.29381
12	59551524	74.08745	2165	1.00000	0.00000	0.00000	0.70619	0.00000	0.29381
12	59687298	74.24500	2170	1.00000	0.00000	0.00000	0.70599	0.00000	0.29401
12	59869576	74.31631	2175	1.00000	0.00000	0.00000	0.70579	0.00000	0.29421
12	59954702	74.33288	2180	1.00000	0.00000	0.00000	0.70579	0.00000	0.29421
12	60055934	74.34866	2185	1.00000	0.00000	0.00000	0.70579	0.00000	0.29421
12	60236621	74.38453	2190	1.00000	0.00000	0.00000	0.70558	0.00000	0.29442
12	60482912	74.45293	2195	1.00000	0.00000	0.00000	0.70375	0.00000	0.29625
12	60629928	74.48106	2200	1.00000	0.00000	0.00000	0.70314	0.00000	0.29686
12	60721657	74.49242	2205	1.00000	0.00000	0.00000	0.70294	0.00000	0.29706
12	60910216	74.52268	2210	1.00000	0.00000	0.00000	0.69616	0.00044	0.30342
12	61003279	74.56177	2215	1.00000	0.00000	0.00000	0.43015	0.01733	0.55254
12	61086419	74.58737	2220	1.00000	0.00000	0.00000	0.06761	0.03782	0.89461
12	61182558	74.61683	2225	1.00000	0.00000	0.00000	0.02463	0.04357	0.93184
12	61287679	74.65427	2230	1.00000	0.00000	0.00000	0.01604	0.04552	0.93846
12	61386741	74.82964	2235	1.00000	0.00000	0.00000	0.00016	0.04991	0.94990
12	61484742	74.87527	2240	1.00000	0.00000	0.00000	0.00008	0.04996	0.95000
12	61552071	74.97868	2245	1.00000	0.00000	0.00000	0.00001	0.04991	0.95009
12	61640276	75.07363	2250	1.00000	0.00000	0.00000	0.00000	0.04987	0.95013
12	61768819	75.09702	2255	1.00000	0.00000	0.00000	0.00000	0.04987	0.95013
12	61934224	75.28761	2260	0.99995	0.00000	0.00005	0.00000	0.04945	0.95055
12	62043739	75.49017	2265	0.99975	0.00000	0.00025	0.00000	0.04904	0.95096
12	62134488	75.52786	2270	0.99973	0.00000	0.00027	0.00000	0.04904	0.95096
12	62185605	75.57663	2275	0.99954	0.00000	0.00046	0.00000	0.04895	0.95105
12	62312179	75.60573	2280	0.99908	0.00000	0.00092	0.00000	0.04895	0.95105
12	62539090	75.64890	2285	0.99434	0.00001	0.00564	0.00000	0.04886	0.95114
12	62664734	75.78764	2290	0.95173	0.00016	0.04809	0.00000	0.04800	0.95200
12	62781531	76.05787	2295	0.52610	0.00180	0.47195	0.00000	0.04629	0.95371
12	62875379	76.38056	2300	0.18272	0.00168	0.81553	0.00000	0.04328	0.95672
12	63115602	76.73293	2305	0.00201	0.00044	0.99755	0.00000	0.03625	0.96375
12	63225934	76.78081	2310	0.00079	0.00040	0.99881	0.00000	0.03608	0.96392
12	63294748	76.83143	2315	0.00009	0.00033	0.99958	0.00000	0.03575	0.96425
12	63396683	76.85513	2320	0.00004	0.00030	0.99966	0.00000	0.03561	0.96439
12	63506392	76.87875	2325	0.00002	0.00027	0.99971	0.00000	0.03538	0.96462
12	63649159	76.95247	2330	0.00000	0.00006	0.99994	0.00000	0.03368	0.96632
12	63721040	76.98002	2335	0.00000	0.00006	0.99994	0.00000	0.03359	0.96641
12	63749581	77.01147	2340	0.00000	0.00005	0.99995	0.00000	0.03349	0.96651
12	63834651	77.06473	2345	0.00000	0.00004	0.99996	0.00000	0.03340	0.96660
12	64000972	77.26154	2350	0.00000	0.00002	0.99997	0.00000	0.03210	0.96790
12	64249372	77.58324	2355	0.00000	0.00000	0.99999	0.00000	0.02849	0.97151
12	64360008	77.66239	2360	0.00000	0.00000	1.00000	0.00000	0.02827	0.97173
12	64485656	77.67216	2365	0.00000	0.00000	1.00000	0.00000	0.02825	0.97175
12	64666115	78.05790	2370	0.00000	0.00000	1.00000	0.00000	0.02385	0.97615
12	64793058	78.20570	2375	0.00000	0.00000	1.00000	0.00001	0.02311	0.97689
12	65038001	78.41941	2380	0.00000	0.00001	0.99999	0.00001	0.02239	0.97759
12	65362838	78.54053	2385	0.00000	0.00001	0.99999	0.00001	0.02224	0.97776
12	65535348	78.70058	2390	0.00000	0.00002	0.99998	0.00001	0.02207	0.97790
12	65633034	78.78760	2395	0.00000	0.00003	0.99997	0.00001	0.02203	0.97797
12	65961169	79.37752	2400	0.00000	0.00190	0.99810	0.00001	0.02073	0.97926
12	66169426	79.80621	2405	0.00000	0.00469	0.99531	0.00000	0.02004	0.97996
12	66357403	80.16969	2410	0.00000	0.00844	0.99156	0.00000	0.01953	0.98047
12	66540112	80.39361	2415	0.00000	0.01074	0.98926	0.00000	0.01927	0.98073
12	66813014	80.98150	2420	0.00000	0.04591	0.95409	0.00000	0.01615	0.98385
12	66870438	81.03815	2425	0.00000	0.04664	0.95336	0.00000	0.01611	0.98389
12	67109006	81.35617	2430	0.00000	0.05739	0.94261	0.00000	0.01535	0.98465
12	67125541	81.35889	2435	0.00000	0.05739	0.94261	0.00000	0.01535	0.98465
12	67235386	81.43285	2440	0.00000	0.05792	0.94208	0.00000	0.01529	0.98471
12	67426619	81.56120	2445	0.00000	0.06009	0.93991	0.00000	0.01490	0.98510
12	67638592	82.24710	2450	0.00003	0.12744	0.87256	0.00000	0.00510	0.99490
12	67914010	82.69073	2455	0.00005	0.16954	0.83046	0.00000	0.00296	0.99704
12	68033502	82.76745	2460	0.00006	0.17189	0.82797	0.00000	0.00291	0.99709
12	68242107	83.14968	2465	0.00019	0.35577	0.64400	0.00000	0.00205	0.99795
12	68401112	83.53651	2470	0.00012	0.44939	0.55061	0.00000	0.00146	0.99854
12	68512703	83.89101	2475	0.00001	0.47804	0.52196	0.00000	0.00108	0.99892
12	68621130	83.94305	2480	0.00001	0.47829	0.52171	0.00000	0.00108	0.99892
12	68772689	83.96961	2485	0.00001	0.47829	0.52171	0.00000	0.00107	0.99893
12	68909862	84.23331	2490	0.00000	0.47877	0.52123	0.00000	0.00096	0.99904
12	69005476	84.39101	2495	0.00000	0.47877	0.52123	0.00000	0.00089	0.99911
12	69110973	84.52627	2500	0.00000	0.47877	0.52123	0.00000	0.00076	0.99924
12	69152061	84.74750	2505	0.00000	0.47853	0.52147	0.00000	0.00053	0.99947
12	69251284	85.05676	2510	0.00000	0.47804	0.52196	0.00000	0.00010	0.99990
12	69324601	85.06981	2515	0.00000	0.47804	0.52196	0.00000	0.00010	0.99990
12	69451219	85.30967	2520	0.00000	0.47804	0.52196	0.00000	0.00004	0.99996
12	69632232	85.43288	2525	0.00000	0.47829	0.52171	0.00000	0.00003	0.99997
12	69657357	85.45820	2530	0.00000	0.47829	0.52171	0.00000	0.00003	0.99997
12	69763640	85.55244	2535	0.00000	0.47829	0.52171	0.00000	0.00003	0.99997
12	69807950	85.55605	2540	0.00000	0.47829	0.52171	0.00000	0.00003	0.99997
12	69922104	85.66508	2545	0.00000	0.47853	0.52147	0.00000	0.00004	0.99996
12	70034807	85.77293	2550	0.00000	0.47877	0.52123	0.00000	0.00004	0.99996
12	70132844	85.82461	2555	0.00000	0.47926	0.52074	0.00000	0.00004	0.99996
12	70235793	85.83950	2560	0.00000	0.47926	0.52074	0.00000	0.00004	0.99996
12	70395936	85.87622	2565	0.00000	0.47975	0.52025	0.00000	0.00004	0.99996
12	70623334	86.45036	2570	0.00000	0.69306	0.30694	0.00004	0.00008	0.99988
12	70682188	86.48106	2575	0.00000	0.69347	0.30653	0.00004	0.00008	0.99988
12	70769779	86.69192	2580	0.00000	0.70212	0.29788	0.00011	0.00008	0.99980
12	70907242	86.90039	2585	0.00000	0.71003	0.28997	0.00026	0.00009	0.99965
12	71048622	86.98266	2590	0.00000	0.71143	0.28857	0.00030	0.00009	0.99961
12	71419610	87.35292	2595	0.00000	0.74223	0.25777	0.00111	0.00024	0.99864
12	71552694	87.62202	2600	0.00000	0.75654	0.24346	0.00214	0.00052	0.99735
12	71621465	87.65644	2605	0.00000	0.75672	0.24328	0.00219	0.00053	0.99728
12	71787526	87.69762	2610	0.00000	0.75690	0.24310	0.00244	0.00062	0.99695
12	71980938	87.79292	2615	0.00000	0.75762	0.24238	0.00265	0.00138	0.99597
12	72135012	87.91599	2620	0.00000	0.75815	0.24185	0.00276	0.00869	0.98855
12	72246804	88.12289	2625	0.00000	0.75887	0.24113	0.00263	0.07011	0.92730
12	72529530	88.47810	2630	0.00000	0.75940	0.24060	0.00078	0.44384	0.55544
12	72771036	88.72611	2635	0.00000	0.75958	0.24042	0.00001	0.66149	0.33851
12	72874161	88.75132	2640	0.00000	0.75958	0.24042	0.00000	0.66585	0.33415
12	72952595	88.77341	2645	0.00000	0.75958	0.24042	0.00000	0.66910	0.33090
12	73062484	88.84144	2650	0.00000	0.75958	0.24042	0.00000	0.69285	0.30715
12	73153053	88.89335	2655	0.00000	0.75958	0.24042	0.00000	0.70069	0.29931
12	73228321	88.90977	2660	0.00000	0.75958	0.24042	0.00000	0.70130	0.29870
12	73302219	88.96206	2665	0.00000	0.75923	0.24077	0.00000	0.70457	0.29543
12	73443715	88.99306	2670	0.00000	0.75905	0.24095	0.00000	0.70518	0.29482
12	73567628	89.01099	2675	0.00000	0.75905	0.24095	0.00000	0.70538	0.29462
12	73751713	89.07014	2680	0.00000	0.75887	0.24113	0.00000	0.70639	0.29361
12	73859124	89.08553	2685	0.00000	0.75887	0.24113	0.00000	0.70660	0.29340
12	74084333	89.10986	2690	0.00000	0.75887	0.24113	0.00000	0.70720	0.29280
12	74160159	89.11697	2695	0.00000	0.75887	0.24113	0.00000	0.70720	0.29280
12	74344629	89.16851	2700	0.00000	0.75887	0.24113	0.00000	0.72292	0.27708
12	74512219	89.24083	2705	0.00000	0.75905	0.24095	0.00000	0.78547	0.21453
12	74651766	89.29463	2710	0.00000	0.75905	0.24095	0.00000	0.80563	0.19437
12	74765044	89.38033	2715	0.00000	0.75905	0.24095	0.00000	0.84065	0.15935
12	74952296	89.49892	2720	0.00000	0.75905	0.24095	0.00000	0.87800	0.12200
12	75059637	89.55041	2725	0.00000	0.75905	0.24095	0.00000	0.88059	0.11941
12	75163346	89.60302	2730	0.00000	0.75923	0.24077	0.00000	0.88303	0.11697
12	75305079	89.87551	2735	0.00000	0.75940	0.24060	0.00000	0.91730	0.08270
12	75449036	89.89294	2740	0.00000	0.75940	0.24060	0.00000	0.91738	0.08262
12	75571496	89.91138	2745	0.00000	0.75940	0.24060	0.00000	0.91738	0.08262
12	75805270	90.48044	2750	0.00000	0.76029	0.23971	0.00000	0.91899	0.08101
12	75929211	90.85508	2755	0.00000	0.76029	0.23971	0.00000	0.91899	0.08101
12	76119308	92.14317	2760	0.00000	0.75636	0.24364	0.00000	0.90846	0.09154
12	76221796	92.43359	2765	0.00001	0.75600	0.24400	0.00000	0.90482	0.09518
12	76465515	92.58314	2770	0.00001	0.75582	0.24418	0.00000	0.90044	0.09956
12	76596785	92.59631	2775	0.00001	0.75582	0.24418	0.00000	0.90035	0.09965
12	76712408	92.77425	2780	0.00349	0.75128	0.24527	0.00001	0.85813	0.14187
12	77087804	93.32744	2785	0.37548	0.35466	0.27029	0.00000	0.28757	0.71243
12	77166518	93.36652	2790	0.39443	0.33546	0.27048	0.00000	0.28517	0.71483
12	77191878	93.37114	2795	0.39513	0.33481	0.27048	0.00000	0.28497	0.71503
12	77274827	93.41868	2800	0.40969	0.32018	0.27048	0.00000	0.27865	0.72135
12	77423625	93.75233	2805	0.54843	0.17497	0.27650	0.00000	0.03667	0.96333
12	77515935	93.83423	2810	0.55157	0.17189	0.27669	0.00000	0.02571	0.97429
12	77547507	93.84060	2815	0.55157	0.17189	0.27669	0.00000	0.02566	0.97434
12	77629392	93.90326	2820	0.55157	0.17175	0.27669	0.00000	0.02191	0.97809
12	77730799	94.08534	2825	0.55109	0.17203	0.27708	0.00000	0.00341	0.99659
12	77796262	94.12691	2830	0.55085	0.17217	0.27708	0.00000	0.00286	0.99714
12	77901035	94.25180	2835	0.54601	0.17681	0.27708	0.00000	0.00180	0.99820
12	78064939	94.48629	2840	0.50684	0.22101	0.27202	0.00000	0.00109	0.99891
12	78304346	95.04031	2845	0.03625	0.83762	0.12614	0.00000	0.00001	0.99999
12	78473806	95.22634	2850	0.00156	0.89039	0.10809	0.00000	0.00000	1.00000
12	78577518	95.34590	2855	0.00038	0.90018	0.09947	0.00000	0.00000	1.00000
12	78738950	95.56893	2860	0.00002	0.92387	0.07613	0.00000	0.00000	1.00000
12	78934038	95.83845	2865	0.00000	0.93552	0.06448	0.00000	0.00000	1.00000
12	79113082	95.93218	2870	0.00000	0.93605	0.06395	0.00000	0.00000	1.00000
12	79328043	96.00739	2875	0.00000	0.93617	0.06383	0.00000	0.00000	1.00000
12	79605530	96.20414	2880	0.00000	0.93640	0.06360	0.00000	0.00000	1.00000
12	79858469	96.42844	2885	0.00000	0.93646	0.06354	0.00000	0.00000	1.00000
12	80114822	96.83901	2890	0.00000	0.93623	0.06377	0.00000	0.00000	1.00000
12	80226148	96.89902	2895	0.00000	0.93623	0.06377	0.00000	0.00000	1.00000
12	80353875	97.08184	2900	0.00000	0.93617	0.06383	0.00000	0.00000	1.00000
12	80488512	97.15401	2905	0.00000	0.93617	0.06383	0.00000	0.00000	1.00000
12	80624888	97.32059	2910	0.00000	0.93617	0.06383	0.00000	0.00000	1.00000
12	80780863	97.47749	2915	0.00000	0.93617	0.06383	0.00000	0.00000	1.00000
12	80924961	97.58527	2920	0.00000	0.93617	0.06383	0.00000	0.00000	1.00000
12	81038739	97.66035	2925	0.00000	0.93617	0.06383	0.00000	0.00000	1.00000
12	81165197	97.71212	2930	0.00000	0.93611	0.06389	0.00000	0.00000	1.00000
12	81315235	97.78028	2935	0.00000	0.93611	0.06389	0.00000	0.00001	0.99999
12	81507539	97.83937	2940	0.00000	0.93605	0.06395	0.00000	0.00001	0.99999
12	81665196	97.87715	2945	0.00000	0.93605	0.06395	0.00000	0.00001	0.99999
12	81815678	97.95810	2950	0.00001	0.93535	0.06465	0.00000	0.00002	0.99998
12	81940257	98.00108	2955	0.00001	0.93463	0.06531	0.00000	0.00003	0.99997
12	82223675	98.35853	2960	0.00018	0.85884	0.14104	0.00000	0.00018	0.99982
12	82384602	98.41320	2965	0.00018	0.85645	0.14343	0.00000	0.00019	0.99981
12	82624043	98.52476	2970	0.00021	0.84390	0.15585	0.00000	0.00019	0.99981
12	82912173	99.19318	2975	0.00021	0.23846	0.76118	0.00000	0.00014	0.99986
12	83096692	99.41190	2980	0.00015	0.17037	0.82949	0.00000	0.00012	0.99988
12	83216987	99.76094	2985	0.00001	0.00541	0.99459	0.00000	0.00000	1.00000
12	83392729	99.83775	2990	0.00000	0.00196	0.99804	0.00000	0.00000	1.00000
12	83477757	99.92353	2995	0.00000	0.00040	0.99960	0.00000	0.00000	1.00000
12	83620193	99.94769	3000	0.00000	0.00035	0.99965	0.00000	0.00000	1.00000
12	83761217	99.97983	3005	0.00000	0.00029	0.99971	0.00000	0.00000	1.00000
12	83849972	100.04992	3010	0.00000	0.00024	0.99976	0.00000	0.00000	1.00000
12	83899090	100.05777	3015	0.00000	0.00024	0.99976	0.00000	0.00000	1.00000
12	84099287	100.11549	3020	0.00000	0.00022	0.99978	0.00000	0.00000	1.00000
12	84131725	100.12392	3025	0.00000	0.00022	0.99978	0.00000	0.00000	1.00000
12	84217353	100.14695	3030	0.00000	0.00021	0.99979	0.00000	0.00009	0.99991
12	84309296	100.16083	3035	0.00000	0.00021	0.99979	0.00000	0.00028	0.99972
12	84386813	100.18172	3040	0.00000	0.00020	0.99980	0.00000	0.00103	0.99897
12	84507769	100.19886	3045	0.00000	0.00020	0.99980	0.00000	0.00189	0.99811
12	84575266	100.21377	3050	0.00000	0.00019	0.99981	0.00000	0.00248	0.99752
12	84618796	100.24023	3055	0.00000	0.00019	0.99981	0.00000	0.00476	0.99524
12	84780083	100.40266	3060	0.00000	0.00009	0.99991	0.00000	0.02699	0.97301
12	84902287	100.52842	3065	0.00000	0.00004	0.99996	0.00000	0.03331	0.96669
12	84992539	100.65459	3070	0.00000	0.00000	1.00000	0.00000	0.03779	0.96221
12	85158250	100.75069	3075	0.00000	0.00000	1.00000	0.00000	0.03923	0.96077
12	85350756	100.77811	3080	0.00000	0.00000	1.00000	0.00000	0.03931	0.96069
12	85394677	100.81670	3085	0.00000	0.00000	1.00000	0.00000	0.03942	0.96058
12	85656453	100.84186	3090	0.00000	0.00000	1.00000	0.00000	0.03942	0.96058
12	85754779	100.92230	3095	0.00000	0.00000	1.00000	0.00000	0.03945	0.96055
12	85847419	100.94598	3100	0.00000	0.00000	1.00000	0.00000	0.03945	0.96055
12	85947985	100.97637	3105	0.00000	0.00000	1.00000	0.00000	0.03945	0.96055
12	86021541	100.99372	3110	0.00000	0.00000	1.00000	0.00000	0.03945	0.96055
12	86111030	101.02142	3115	0.00000	0.00000	1.00000	0.00000	0.03945	0.96055
12	86199323	101.04897	3120	0.00000	0.00000	1.00000	0.00000	0.03945	0.96055
12	86361878	101.07126	3125	0.00000	0.00000	1.00000	0.00000	0.03945	0.96055
12	86558516	101.08721	3130	0.00000	0.00000	1.00000	0.00000	0.03945	0.96055
12	86670608	101.09422	3135	0.00000	0.00000	1.00000	0.00000	0.03945	0.96055
12	86871615	101.13322	3140	0.00000	0.00000	1.00000	0.00000	0.03942	0.96058
12	86927768	101.16128	3145	0.00000	0.00000	1.00000	0.00000	0.03942	0.96058
12	87070015	101.17307	3150	0.00000	0.00000	1.00000	0.00000	0.03942	0.96058
12	87288482	101.20625	3155	0.00000	0.00000	1.00000	0.00000	0.03934	0.96066
12	87381544	101.30864	3160	0.00000	0.00000	1.00000	0.00000	0.03653	0.96347
12	87420851	101.32054	3165	0.00000	0.00000	1.00000	0.00000	0.03649	0.96351
12	87457015	101.32374	3170	0.00000	0.00000	1.00000	0.00000	0.03649	0.96351
12	87753283	101.42841	3175	0.00000	0.00004	0.99996	0.00000	0.03250	0.96750
12	87848501	101.52175	3180	0.00000	0.00009	0.99991	0.00000	0.03021	0.96979
12	88077197	101.89219	3185	0.00000	0.00096	0.99904	0.00000	0.00042	0.99958
12	88297804	101.96346	3190	0.00000	0.00100	0.99900	0.00000	0.00003	0.99997
12	88434113	101.98792	3195	0.00000	0.00101	0.99899	0.00000	0.00002	0.99998
12	88699031	102.06567	3200	0.00000	0.00117	0.99883	0.00000	0.00001	0.99999
12	88946335	102.17477	3205	0.00000	0.00154	0.99846	0.00000	0.00000	1.00000
12	89216360	102.50509	3210	0.00000	0.00389	0.99611	0.00000	0.00000	1.00000
12	89353724	102.97237	3215	0.00000	0.00903	0.99097	0.00000	0.00000	1.00000
12	89442082	103.09724	3220	0.00000	0.00927	0.99073	0.00000	0.00000	1.00000
12	89498481	103.10113	3225	0.00000	0.00927	0.99073	0.00000	0.00000	1.00000
12	89647168	103.18089	3230	0.00001	0.00933	0.99066	0.00000	0.00000	1.00000
12	89861241	103.24421	3235	0.00005	0.00936	0.99059	0.00000	0.00000	1.00000
12	89973207	103.27654	3240	0.00017	0.00937	0.99046	0.00000	0.00000	1.00000
12	90239633	103.43239	3245	0.00652	0.00932	0.98415	0.00000	0.00000	1.00000
12	90329210	103.48891	3250	0.00956	0.00921	0.98124	0.00000	0.00000	1.00000
12	90397197	103.57910	3255	0.04518	0.00800	0.94684	0.00000	0.00000	1.00000
12	90779213	103.77222	3260	0.19698	0.00567	0.79740	0.00000	0.00000	1.00000
12	90973913	104.03205	3265	0.57892	0.00140	0.41989	0.00000	0.00000	1.00000
12	91094695	104.06332	3270	0.58865	0.00134	0.40993	0.00000	0.00000	1.00000
12	91285215	104.17935	3275	0.76804	0.00076	0.23127	0.00000	0.00000	1.00000
12	91492319	104.31329	3280	0.92918	0.00004	0.07075	0.00000	0.00000	1.00000
12	91648516	104.34472	3285	0.93134	0.00004	0.06866	0.00000	0.00000	1.00000
12	91798333	104.61504	3290	0.99236	0.00000	0.00764	0.00000	0.00000	1.00000
12	91896932	104.79747	3295	0.99952	0.00000	0.00048	0.00000	0.00000	1.00000
12	91948512	104.83582	3300	0.99960	0.00000	0.00040	0.00000	0.00000	1.00000
12	92010970	104.98783	3305	0.99982	0.00000	0.00018	0.00000	0.00000	1.00000
12	92376692	105.52328	3310	0.99999	0.00000	0.00001	0.00000	0.00000	1.00000
12	92482706	105.91490	3315	1.00000	0.00000	0.00000	0.00000	0.00000	1.00000
12	92717583	106.09930	3320	1.00000	0.00000	0.00000	0.00000	0.00000	1.00000
12	92931810	106.14755	3325	1.00000	0.00000	0.00000	0.00000	0.00000	1.00000
12	93077874	106.41869	3330	1.00000	0.00000	0.00000	0.00000	0.00000	1.00000
12	93430621	107.28949	3335	0.99964	0.00000	0.00036	0.00000	0.00001	0.99999
12	93560726	107.52357	3340	0.99950	0.00000	0.00050	0.00000	0.00001	0.99999
12	93617183	107.78796	3345	0.99878	0.00000	0.00122	0.00000	0.00002	0.99998
12	93781212	107.95717	3350	0.99782	0.00000	0.00218	0.00000	0.00002	0.99998
12	94033133	108.65807	3355	0.95200	0.00001	0.04796	0.00000	0.00013	0.99987
12	94154184	109.06614	3360	0.93325	0.00000	0.06675	0.00000	0.00015	0.99985
12	94242953	109.17793	3365	0.93046	0.00001	0.06948	0.00000	0.00015	0.99985
12	94281985	109.38068	3370	0.89303	0.00009	0.10688	0.00000	0.00015	0.99985
12	94490233	109.50988	3375	0.86107	0.00029	0.13869	0.00000	0.00015	0.99985
12	94570381	109.86807	3380	0.60836	0.00241	0.38931	0.00000	0.00014	0.99986
12	94697547	110.26868	3385	0.28022	0.00817	0.71163	0.00000	0.00010	0.99990
12	94908202	110.81929	3390	0.01102	0.01985	0.96912	0.00000	0.00001	0.99999
12	94976847	110.92054	3395	0.00242	0.02027	0.97731	0.00000	0.00000	1.00000
12	95110330	110.94666	3400	0.00157	0.02031	0.97811	0.00000	0.00000	1.00000
12	95183501	110.96261	3405	0.00137	0.02033	0.97830	0.00000	0.00000	1.00000
12	95256125	110.97060	3410	0.00136	0.02033	0.97832	0.00000	0.00000	1.00000
12	95347063	111.23892	3415	0.00004	0.02063	0.97933	0.00000	0.00000	1.00000
12	95412648	111.31580	3420	0.00003	0.02065	0.97933	0.00000	0.00000	1.00000
12	95609156	111.65462	3425	0.00000	0.02055	0.97945	0.00000	0.00000	1.00000
12	95678240	112.01047	3430	0.00000	0.02025	0.97975	0.00000	0.00000	1.00000
12	95900713	112.24471	3435	0.00000	0.01999	0.98001	0.00000	0.00000	1.00000
12	96033690	112.35869	3440	0.00000	0.01985	0.98015	0.00000	0.00000	1.00000
12	96283165	113.26202	3445	0.00000	0.00338	0.99662	0.00000	0.00000	1.00000
12	96434466	113.47771	3450	0.00000	0.00195	0.99805	0.00000	0.00000	1.00000
12	96566497	113.53910	3455	0.00000	0.00175	0.99825	0.00000	0.00000	1.00000
12	96672972	113.57323	3460	0.00000	0.00171	0.99829	0.00000	0.00000	1.00000
12	96805878	113.60152	3465	0.00000	0.00168	0.99832	0.00000	0.00000	1.00000
12	97066746	113.87381	3470	0.00000	0.00001	0.99999	0.00000	0.00000	1.00000
12	97098668	113.90430	3475	0.00000	0.00001	0.99999	0.00000	0.00000	1.00000
12	97213843	113.96474	3480	0.00000	0.00000	1.00000	0.00000	0.00000	1.00000
12	97287189	114.01881	3485	0.00000	0.00000	1.00000	0.00000	0.00000	1.00000
12	97395676	114.25771	3490	0.00000	0.00000	1.00000	0.00000	0.00000	1.00000
12	97469800	114.54096	3495	0.00000	0.00000	1.00000	0.00000	0.00000	1.00000
12	97687644	114.81552	3500	0.00000	0.00000	1.00000	0.00000	0.00000	1.00000
12	97776966	114.87982	3505	0.00000	0.00000	1.00000	0.00000	0.00000	1.00000
12	97894135	115.08878	3510	0.00000	0.00000	1.00000	0.00000	0.00000	1.00000
12	98068088	115.15585	3515	0.00000	0.00000	1.00000	0.00000	0.00000	1.00000
12	98234527	115.35851	3520	0.00000	0.00000	1.00000	0.00000	0.00010	0.99990
12	98512555	115.56698	3525	0.00000	0.00000	1.00000	0.00000	0.00110	0.99890
12	98603562	115.62653	3530	0.00000	0.00000	1.00000	0.00000	0.00148	0.99852
12	98884848	116.02934	3535	0.00000	0.00000	1.00000	0.00000	0.02452	0.97548
12	98968174	116.29581	3540	0.00000	0.00001	0.99999	0.00001	0.03132	0.96868
12	99115791	116.34250	3545	0.00000	0.00001	0.99999	0.00001	0.03147	0.96853
12	99199736	116.36267	3550	0.00000	0.00001	0.99999	0.00001	0.03147	0.96850
12	99279911	116.44453	3555	0.00000	0.00001	0.99999	0.00003	0.03177	0.96820
12	99369823	116.53788	3560	0.00000	0.00001	0.99999	0.00008	0.03204	0.96787
12	99618402	117.02634	3565	0.00000	0.00000	1.00000	0.00446	0.03811	0.95744
12	99677282	117.12748	3570	0.00000	0.00000	1.00000	0.00496	0.03821	0.95684
12	99923962	117.28157	3575	0.00000	0.00000	1.00000	0.00631	0.03839	0.95528
12	100073499	117.30518	3580	0.00000	0.00000	1.00000	0.00634	0.03839	0.95528
12	100341277	117.35793	3585	0.00000	0.00000	1.00000	0.00649	0.03847	0.95507
12	100460014	117.47505	3590	0.00000	0.00000	1.00000	0.00674	0.03861	0.95465
12	100553916	117.64168	3595	0.00000	0.00000	1.00000	0.00684	0.03887	0.95431
12	100737474	117.90947	3600	0.00000	0.00000	1.00000	0.00674	0.04012	0.95310
12	100836390	117.99912	3605	0.00000	0.00000	1.00000	0.00654	0.04058	0.95288
12	100899783	118.02909	3610	0.00000	0.00000	1.00000	0.00651	0.04062	0.95288
12	101067143	118.24671	3615	0.00000	0.00000	1.00000	0.00453	0.04217	0.95332
12	101106799	118.26170	3620	0.00000	0.00000	1.00000	0.00453	0.04217	0.95332
12	101172547	118.31409	3625	0.00000	0.00000	1.00000	0.00445	0.04217	0.95336
12	101316651	118.47593	3630	0.00000	0.00000	1.00000	0.00390	0.04221	0.95388
12	101513719	118.78600	3635	0.00000	0.00000	1.00000	0.00280	0.04162	0.95561
12	101733593	119.31564	3640	0.00000	0.00000	1.00000	0.00013	0.03465	0.96522
12	101858685	119.34827	3645	0.00000	0.00000	1.00000	0.00012	0.03459	0.96528
12	102001091	119.72462	3650	0.00000	0.00000	1.00000	0.00000	0.01434	0.98566
12	102252911	119.74367	3655	0.00000	0.00000	1.00000	0.00000	0.01428	0.98572
12	102402744	119.76775	3660	0.00000	0.00000	1.00000	0.00000	0.01421	0.98579
12	102667901	120.07191	3665	0.00000	0.00000	1.00000	0.00000	0.00894	0.99106
12	102773518	120.26146	3670	0.00000	0.00000	1.00000	0.00000	0.00686	0.99314
12	102882834	120.38076	3675	0.00000	0.00000	1.00000	0.00000	0.00628	0.99372
12	103040977	120.69471	3680	0.00000	0.00000	1.00000	0.00000	0.00389	0.99611
12	103302404	120.90331	3685	0.00000	0.00000	1.00000	0.00000	0.00292	0.99708
12	103400713	120.99751	3690	0.00000	0.00000	1.00000	0.00000	0.00280	0.99720
12	103566313	121.15074	3695	0.00000	0.00000	1.00000	0.00000	0.00252	0.99748
12	103749582	121.70658	3700	0.00000	0.00000	1.00000	0.00000	0.00095	0.99905
12	103893178	121.90341	3705	0.00000	0.00000	1.00000	0.00000	0.00084	0.99916
12	103956318	121.93941	3710	0.00000	0.00000	1.00000	0.00000	0.00084	0.99916
12	104168757	122.04351	3715	0.00000	0.00000	1.00000	0.00000	0.00084	0.99916
12	104240138	122.06194	3720	0.00000	0.00000	1.00000	0.00000	0.00084	0.99916
12	104354208	122.08803	3725	0.00000	0.00000	1.00000	0.00000	0.00084	0.99916
12	104462057	122.43667	3730	0.00000	0.00000	1.00000	0.00000	0.00124	0.99876
12	104554895	122.60707	3735	0.00000	0.00000	1.00000	0.00000	0.00137	0.99863
12	104719669	123.26462	3740	0.00000	0.00000	1.00000	0.00000	0.00331	0.99669
12	104832344	123.41371	3745	0.00000	0.00000	1.00000	0.00000	0.00339	0.99661
12	105020956	123.44873	3750	0.00000	0.00000	1.00000	0.00000	0.00340	0.99660
12	105097235	123.55771	3755	0.00000	0.00000	1.00000	0.00000	0.00354	0.99646
12	105188467	123.57138	3760	0.00000	0.00000	1.00000	0.00000	0.00355	0.99645
12	105302456	123.61231	3765	0.00000	0.00000	1.00000	0.00000	0.00391	0.99609
12	105433790	123.83881	3770	0.00000	0.00000	1.00000	0.00000	0.01823	0.98177
12	105518671	123.92917	3775	0.00000	0.00000	1.00000	0.00000	0.02147	0.97853
12	105709025	124.14746	3780	0.00000	0.00000	1.00000	0.00000	0.04672	0.95328
12	105803460	124.33326	3785	0.00000	0.00000	1.00000	0.00000	0.06142	0.93858
12	105936861	124.53088	3790	0.00000	0.00001	0.99999	0.00000	0.06979	0.93021
12	106033822	124.65842	3795	0.00000	0.00001	0.99999	0.00000	0.07120	0.92880
12	106239570	125.24784	3800	0.00000	0.00001	0.99999	0.00000	0.08434	0.91566
12	106284959	125.38844	3805	0.00000	0.00001	0.99999	0.00000	0.08487	0.91513
12	106574182	125.51062	3810	0.00000	0.00001	0.99999	0.00000	0.08510	0.91490
12	106903845	125.58067	3815	0.00000	0.00001	0.99999	0.00000	0.08518	0.91482
12	107023404	125.61783	3820	0.00000	0.00001	0.99999	0.00000	0.08518	0.91482
12	107173500	125.75029	3825	0.00000	0.00001	0.99999	0.00000	0.08518	0.91482
12	107253644	125.77007	3830	0.00000	0.00001	0.99999	0.00000	0.08518	0.91482
12	107336538	125.94737	3835	0.00000	0.00001	0.99999	0.00000	0.08480	0.91520
12	107520364	126.18974	3840	0.00000	0.00001	0.99999	0.00004	0.08233	0.91767
12	107769974	126.35863	3845	0.00000	0.00002	0.99998	0.00007	0.08094	0.91899
12	107878387	126.56483	3850	0.00000	0.00002	0.99998	0.00010	0.07815	0.92171
12	107993271	126.58622	3855	0.00000	0.00002	0.99998	0.00010	0.07815	0.92171
12	108043676	126.60223	3860	0.00000	0.00002	0.99998	0.00010	0.07815	0.92178
12	108217554	126.98051	3865	0.00000	0.00002	0.99998	0.00009	0.07457	0.92530
12	108244224	127.00674	3870	0.00000	0.00002	0.99998	0.00009	0.07457	0.92530
12	108413413	127.38337	3875	0.00000	0.00001	0.99999	0.00004	0.07443	0.92557
12	108480618	127.42404	3880	0.00000	0.00001	0.99999	0.00004	0.07443	0.92557
12	108635446	127.72615	3885	0.00000	0.00000	1.00000	0.00004	0.07484	0.92509
12	108742681	127.78719	3890	0.00000	0.00000	1.00000	0.00004	0.07484	0.92509
12	108922123	127.90900	3895	0.00000	0.00000	1.00000	0.00006	0.07497	0.92496
12	109124895	128.15344	3900	0.00000	0.00000	1.00000	0.00081	0.07524	0.92394
12	109186675	128.19182	3905	0.00000	0.00000	1.00000	0.00093	0.07524	0.92387
12	109334129	128.39868	3910	0.00000	0.00000	1.00000	0.02002	0.07370	0.90632
12	109450895	128.44176	3915	0.00000	0.00000	1.00000	0.02335	0.07330	0.90338
12	109536346	128.45195	3920	0.00000	0.00000	1.00000	0.02408	0.07323	0.90270
12	109785928	128.81892	3925	0.00201	0.00000	0.99799	0.91126	0.00342	0.08533
12	110046830	128.93182	3930	0.00376	0.00000	0.99624	0.98562	0.00010	0.01428
12	110202453	128.95073	3935	0.00415	0.00000	0.99585	0.98614	0.00008	0.01378
12	110503254	128.98083	3940	0.00816	0.00000	0.99184	0.98712	0.00006	0.01282
12	110839130	129.02670	3945	0.01761	0.00000	0.98239	0.99029	0.00004	0.00967
12	110912727	129.10721	3950	0.03649	0.00000	0.96351	0.99460	0.00002	0.00538
12	111014303	129.19984	3955	0.05127	0.00000	0.94873	0.99881	0.00000	0.00118
12	111111024	129.22031	3960	0.05194	0.00000	0.94806	0.99895	0.00000	0.00105
12	111280613	129.31775	3965	0.06525	0.00000	0.93475	0.99986	0.00000	0.00014
12	111463024	129.41896	3970	0.07738	0.00000	0.92262	1.00000	0.00000	0.00000
12	111840221	129.44099	3975	0.07815	0.00000	0.92185	1.00000	0.00000	0.00000
12	111960719	129.44318	3980	0.07815	0.00000	0.92185	1.00000	0.00000	0.00000
12	112075314	129.44681	3985	0.07822	0.00000	0.92178	1.00000	0.00000	0.00000
12	112388190	129.46512	3990	0.07836	0.00000	0.92164	1.00000	0.00000	0.00000
12	112690803	129.61446	3995	0.11182	0.00001	0.88818	1.00000	0.00000	0.00000
12	112834732	130.01952	4000	0.32573	0.00000	0.67427	1.00000	0.00000	0.00000
12	112975749	130.13866	4005	0.33285	0.00000	0.66715	1.00000	0.00000	0.00000
12	113162061	130.45921	4010	0.35354	0.00001	0.64646	1.00000	0.00000	0.00000
12	113376679	130.59221	4015	0.35488	0.00001	0.64512	1.00000	0.00000	0.00000
12	113414250	130.60753	4020	0.35488	0.00001	0.64512	1.00000	0.00000	0.00000
12	113465644	130.73682	4025	0.35488	0.00003	0.64512	1.00000	0.00000	0.00000
12	113564574	131.26274	4030	0.35087	0.00082	0.64824	1.00000	0.00000	0.00000
12	113648117	131.40080	4035	0.34842	0.00119	0.65025	1.00000	0.00000	0.00000
12	113820756	131.78703	4040	0.31510	0.00331	0.68151	1.00000	0.00000	0.00000
12	113922559	131.86542	4045	0.30986	0.00347	0.68658	1.00000	0.00000	0.00000
12	113993193	131.92760	4050	0.30549	0.00354	0.69077	1.00000	0.00000	0.00000
12	114095368	132.03218	4055	0.29442	0.00369	0.70192	1.00000	0.00000	0.00000
12	114181898	132.10237	4060	0.28797	0.00376	0.70821	1.00000	0.00000	0.00000
12	114323158	132.34593	4065	0.22253	0.00411	0.77339	1.00000	0.00000	0.00000
12	114528155	132.79243	4070	0.10466	0.00407	0.89124	1.00000	0.00000	0.00000
12	114636118	133.15144	4075	0.02801	0.00374	0.96826	1.00000	0.00000	0.00000
12	114710586	133.46524	4080	0.00890	0.00319	0.98791	1.00000	0.00000	0.00000
12	114853997	133.80684	4085	0.00557	0.00277	0.99166	1.00000	0.00000	0.00000
12	115085870	134.56058	4090	0.00004	0.00008	0.99988	0.99995	0.00000	0.00005
12	115125792	134.72444	4095	0.00001	0.00003	0.99996	0.99990	0.00000	0.00009
12	115210946	135.03122	4100	0.00000	0.00000	1.00000	0.99926	0.00002	0.00072
12	115331381	135.19632	4105	0.00000	0.00000	1.00000	0.99853	0.00008	0.00139
12	115402632	135.42101	4110	0.00000	0.00000	1.00000	0.99416	0.00089	0.00495
12	115492683	135.54097	4115	0.00000	0.00000	1.00000	0.99057	0.00185	0.00758
12	115678869	135.80785	4120	0.00000	0.00000	1.00000	0.85416	0.05033	0.09552
12	115805960	136.25742	4125	0.00000	0.00000	1.00000	0.09947	0.30157	0.59902
12	116142386	136.58221	4130	0.00000	0.00000	1.00000	0.01989	0.32659	0.65357
12	116404351	136.96037	4135	0.00000	0.00000	1.00000	0.00093	0.33350	0.66563
12	116537581	137.28476	4140	0.00000	0.00000	1.00000	0.00006	0.33372	0.66628
12	116644412	137.57805	4145	0.00000	0.00000	1.00000	0.00001	0.33329	0.66671
12	116761263	138.01454	4150	0.00000	0.00000	1.00000	0.00000	0.33047	0.66953
12	116842771	138.11519	4155	0.00000	0.00000	1.00000	0.00000	0.32982	0.67018
12	116927025	138.21376	4160	0.00000	0.00000	1.00000	0.00000	0.32767	0.67233
12	117175635	138.50879	4165	0.00000	0.00000	1.00000	0.00000	0.24364	0.75636
12	117251924	138.58952	4170	0.00000	0.00000	1.00000	0.00000	0.23882	0.76118
12	117383618	138.78026	4175	0.00000	0.00000	1.00000	0.00000	0.22219	0.77781
12	117550284	139.17290	4180	0.00000	0.00001	0.99998	0.00002	0.16092	0.83908
12	117732337	140.03453	4185	0.00000	0.00004	0.99996	0.00001	0.00917	0.99081
12	117840428	140.30806	4190	0.00000	0.00004	0.99996	0.00000	0.00239	0.99761
12	117927701	140.54050	4195	0.00000	0.00004	0.99996	0.00000	0.00036	0.99964
12	117999253	140.70137	4200	0.00000	0.00004	0.99996	0.00000	0.00017	0.99983
12	118164876	141.07437	4205	0.00000	0.00004	0.99996	0.00000	0.00006	0.99994
12	118277181	141.08194	4210	0.00000	0.00004	0.99996	0.00000	0.00006	0.99994
12	118465185	141.42920	4215	0.00000	0.00004	0.99996	0.00000	0.00007	0.99993
12	118520011	141.51222	4220	0.00000	0.00004	0.99996	0.00000	0.00007	0.99993
12	118692412	141.75893	4225	0.00000	0.00004	0.99996	0.00000	0.00008	0.99992
12	118833094	141.89900	4230	0.00000	0.00004	0.99996	0.00000	0.00009	0.99991
12	118911825	142.21834	4235	0.00000	0.00004	0.99996	0.00000	0.00014	0.99986
12	119005682	142.32909	4240	0.00000	0.00004	0.99996	0.00000	0.00015	0.99985
12	119078572	142.34921	4245	0.00000	0.00004	0.99996	0.00000	0.00015	0.99985
12	119184799	142.75949	4250	0.00000	0.00006	0.99994	0.00000	0.00038	0.99961
12	119560348	143.61424	4255	0.00000	0.00027	0.99973	0.00000	0.00151	0.99849
12	119757887	143.83083	4260	0.00000	0.00028	0.99972	0.00000	0.00159	0.99841
12	119937891	143.94261	4265	0.00000	0.00029	0.99971	0.00000	0.00162	0.99838
12	120182347	144.05821	4270	0.00000	0.00032	0.99968	0.00000	0.00166	0.99834
12	120332232	144.10631	4275	0.00000	0.00035	0.99965	0.00000	0.00167	0.99832
12	120469468	144.28645	4280	0.00000	0.00100	0.99900	0.00000	0.00208	0.99792
12	120569027	144.29045	4285	0.00000	0.00100	0.99900	0.00000	0.00208	0.99792
12	120729393	144.49628	4290	0.00000	0.00828	0.99172	0.00000	0.00864	0.99136
12	120797098	144.51733	4295	0.00000	0.00844	0.99156	0.00000	0.00871	0.99129
12	120867316	144.52580	4300	0.00000	0.00846	0.99154	0.00000	0.00872	0.99128
12	120996013	144.57541	4305	0.00000	0.00948	0.99052	0.00000	0.00913	0.99087
12	121101774	144.70697	4310	0.00000	0.01935	0.98065	0.00000	0.01231	0.98769
12	121389671	145.16721	4315	0.00001	0.12700	0.87300	0.00000	0.05618	0.94382
12	121591314	145.65672	4320	0.00000	0.23248	0.76752	0.00000	0.14283	0.85717
12	121777353	145.77164	4325	0.00000	0.23740	0.76260	0.00000	0.14694	0.85306
12	122104807	146.05368	4330	0.00000	0.26209	0.73791	0.00000	0.16265	0.83735
12	122256285	146.15752	4335	0.00000	0.26379	0.73621	0.00000	0.16385	0.83615
12	122468591	146.21809	4340	0.00001	0.26398	0.73602	0.00000	0.16398	0.83602
12	122659760	146.23975	4345	0.00003	0.26398	0.73602	0.00000	0.16398	0.83602
12	122916322	146.54201	4350	0.05094	0.26493	0.68426	0.00000	0.16505	0.83495
12	123153523	146.57625	4355	0.06245	0.26436	0.67319	0.00000	0.16519	0.83481
12	123447683	146.67390	4360	0.15778	0.25238	0.58983	0.00000	0.16532	0.83468
12	123514428	146.91484	4365	0.72817	0.11338	0.15843	0.00006	0.16668	0.83332
12	123645933	147.01302	4370	0.81932	0.08043	0.10026	0.00022	0.16695	0.83292
12	123780436	147.12941	4375	0.89247	0.04686	0.06064	0.00361	0.16695	0.82949
12	123939270	147.19266	4380	0.91078	0.03436	0.05480	0.01136	0.16546	0.82319
12	124122702	147.27698	4385	0.93738	0.01466	0.04791	0.22713	0.10971	0.66301
12	124249532	147.52811	4390	0.96747	0.00066	0.03186	0.56770	0.01946	0.41300
12	124335201	147.69295	4395	0.96981	0.00037	0.02982	0.60089	0.01339	0.38584
12	124603538	148.64845	4400	0.99934	0.00001	0.00065	0.75923	0.00007	0.24060
12	124725575	148.99471	4405	0.99999	0.00000	0.00001	0.76873	0.00000	0.23127
12	124769886	149.06505	4410	1.00000	0.00000	0.00000	0.76891	0.00000	0.23109
12	124807466	149.18411	4415	1.00000	0.00000	0.00000	0.76925	0.00000	0.23075
12	124899777	149.48347	4420	1.00000	0.00000	0.00000	0.76995	0.00000	0.23005
12	125114058	150.09102	4425	1.00000	0.00000	0.00000	0.77115	0.00000	0.22885
12	125225276	150.17851	4430	1.00000	0.00000	0.00000	0.77115	0.00000	0.22885
12	125302546	150.46896	4435	1.00000	0.00000	0.00000	0.76821	0.00000	0.23179
12	125386421	150.76186	4440	1.00000	0.00000	0.00000	0.75528	0.00000	0.24472
12	125518098	151.27519	4445	1.00000	0.00000	0.00000	0.52756	0.00015	0.47244
12	125629061	151.59901	4450	1.00000	0.00000	0.00000	0.07277	0.00179	0.92543
12	125783122	151.64223	4455	1.00000	0.00000	0.00000	0.07192	0.00180	0.92630
12	125888883	152.02911	4460	1.00000	0.00000	0.00000	0.06273	0.00184	0.93541
12	125964287	152.33678	4465	1.00000	0.00000	0.00000	0.06205	0.00183	0.93611
12	126081628	152.77026	4470	0.99998	0.00000	0.00002	0.06216	0.00184	0.93599
12	126221351	153.02136	4475	0.99996	0.00000	0.00004	0.06325	0.00185	0.93493
12	126313980	153.20932	4480	0.99992	0.00000	0.00008	0.07094	0.00186	0.92717
12	126350169	153.22179	4485	0.99992	0.00000	0.00008	0.07133	0.00185	0.92677
12	126423041	153.30168	4490	0.99974	0.00000	0.00026	0.10330	0.00180	0.89497
12	126500292	153.39735	4495	0.99878	0.00000	0.00122	0.14743	0.00176	0.85084
12	126583114	153.64333	4500	0.98493	0.00000	0.01507	0.43879	0.00149	0.55977
12	126626700	153.81612	4505	0.96701	0.00000	0.03299	0.61416	0.00120	0.38468
12	126660439	153.84778	4510	0.96479	0.00000	0.03521	0.62475	0.00118	0.37388
12	126769684	154.07144	4515	0.49976	0.00009	0.50000	0.86339	0.00019	0.13649
12	126929697	154.27332	4520	0.18847	0.00037	0.81108	0.90715	0.00002	0.09277
12	127029688	154.48479	4525	0.10809	0.00077	0.89105	0.92086	0.00001	0.07914
12	127203488	155.09256	4530	0.00207	0.00397	0.99396	0.99544	0.00000	0.00456
12	127287062	155.46573	4535	0.00035	0.00415	0.99550	0.99946	0.00000	0.00054
12	127353332	155.78085	4540	0.00028	0.00424	0.99547	0.99989	0.00000	0.00011
12	127457688	156.43903	4545	0.00035	0.00503	0.99462	0.99999	0.00000	0.00001
12	127721937	157.37981	4550	0.00159	0.00694	0.99146	1.00000	0.00000	0.00000
12	127785659	157.61432	4555	0.00303	0.00705	0.98991	1.00000	0.00000	0.00000
12	127897633	157.93440	4560	0.03244	0.00719	0.96036	1.00000	0.00000	0.00000
12	128003493	158.17055	4565	0.13073	0.00670	0.86258	1.00000	0.00000	0.00000
12	128069531	158.55907	4570	0.90123	0.00027	0.09851	1.00000	0.00000	0.00000
12	128151042	158.89914	4575	0.98603	0.00002	0.01396	0.99998	0.00000	0.00002
12	128212436	159.18355	4580	0.99789	0.00000	0.00210	0.99988	0.00000	0.00012
12	128313201	159.44940	4585	0.99860	0.00000	0.00140	0.99865	0.00000	0.00135
12	128433338	160.58704	4590	0.99997	0.00000	0.00003	0.74261	0.00019	0.25720
12	128542063	160.97018	4595	0.99998	0.00000	0.00002	0.62864	0.00023	0.37114
12	128653499	161.80353	4600	0.99996	0.00000	0.00004	0.11869	0.00024	0.88110
12	128740686	162.28154	4605	0.99992	0.00000	0.00008	0.03312	0.00009	0.96679
12	128824776	162.78815	4610	0.99976	0.00000	0.00023	0.00583	0.00002	0.99415
12	128884986	162.89778	4615	0.99968	0.00001	0.00031	0.00520	0.00002	0.99477
12	129028135	163.38722	4620	0.99073	0.00064	0.00863	0.00063	0.00007	0.99930
12	129104412	163.79257	4625	0.99005	0.00067	0.00927	0.00005	0.00011	0.99984
12	129213109	164.29776	4630	0.99018	0.00037	0.00945	0.00001	0.00022	0.99978
12	129357866	164.65627	4635	0.99031	0.00021	0.00948	0.00000	0.00036	0.99963
12	129444022	164.90411	4640	0.99040	0.00017	0.00943	0.00000	0.00046	0.99954
12	129519165	165.36392	4645	0.99063	0.00006	0.00930	0.00000	0.00179	0.99821
12	129696453	166.08310	4650	0.99088	0.00001	0.00911	0.00001	0.01229	0.98770
12	129805613	166.32530	4655	0.99087	0.00001	0.00913	0.00001	0.01611	0.98389
12	129851407	166.56108	4660	0.99079	0.00002	0.00919	0.00001	0.02477	0.97520
12	130039124	167.13528	4665	0.98684	0.00229	0.01086	0.00005	0.22152	0.77831
12	130127840	167.44702	4670	0.98007	0.00809	0.01182	0.00009	0.26952	0.73048
12	130306263	168.54416	4675	0.37961	0.59831	0.02210	0.00014	0.88943	0.11038
12	130468361	169.06479	4680	0.14487	0.83615	0.01898	0.00001	0.97680	0.02318
12	130546260	169.39606	4685	0.01459	0.97102	0.01438	0.00000	0.99253	0.00747
12	130638160	169.73454	4690	0.00169	0.98665	0.01166	0.00000	0.99809	0.00190
12	130733213	170.00954	4695	0.00017	0.98961	0.01022	0.00000	0.99940	0.00060
12	130812768	170.20889	4700	0.00002	0.99035	0.00963	0.00000	0.99954	0.00046
12	130884289	170.26236	4705	0.00002	0.99040	0.00958	0.00000	0.99954	0.00046
12	131016138	170.80374	4710	0.00000	0.99387	0.00613	0.00000	0.99952	0.00048
12	131087468	170.92970	4715	0.00000	0.99398	0.00602	0.00000	0.99951	0.00049
12	131131245	171.01015	4720	0.00000	0.99400	0.00600	0.00000	0.99946	0.00054
12	131209720	171.24438	4725	0.00000	0.99410	0.00590	0.00000	0.99721	0.00279
12	131247470	171.30399	4730	0.00000	0.99411	0.00589	0.00000	0.99640	0.00360
12	131313989	171.75749	4735	0.00000	0.99426	0.00574	0.00006	0.71721	0.28279
12	131454681	172.13608	4740	0.00000	0.99436	0.00564	0.00009	0.56602	0.43374
12	131696359	172.72173	4745	0.00000	0.99480	0.00520	0.00000	0.38537	0.61463
12	131830272	172.78654	4750	0.00000	0.99481	0.00519	0.00000	0.38076	0.61924
12	131940903	172.96382	4755	0.00000	0.99487	0.00513	0.00000	0.34599	0.65401
12	132077866	173.00418	4760	0.00000	0.99488	0.00512	0.00000	0.34444	0.65556
12	132254153	173.26982	4765	0.00000	0.99501	0.00499	0.00002	0.30549	0.69451
12	132281083	173.37973	4770	0.00000	0.99502	0.00498	0.00002	0.30157	0.69843
12	132320260	173.53963	4775	0.00000	0.99507	0.00493	0.00003	0.29747	0.70253
12	132498937	174.19774	4780	0.00000	0.99576	0.00424	0.00002	0.25851	0.74149
12	132622003	174.36861	4785	0.00000	0.99582	0.00418	0.00002	0.25758	0.74242
12	132741392	174.38901	4790	0.00000	0.99582	0.00418	0.00002	0.25758	0.74242
12	132808301	174.55119	4795	0.00000	0.99585	0.00415	0.00001	0.25702	0.74298
12	132922944	174.61322	4800	0.00000	0.99585	0.00415	0.00001	0.25702	0.74298
12	133010989	174.65781	4805	0.00000	0.99585	0.00415	0.00001	0.25702	0.74298
12	133070457	174.66544	4810	0.00000	0.99585	0.00415	0.00001	0.25702	0.74298
12	133129214	174.67365	4815	0.00000	0.99585	0.00415	0.00001	0.25702	0.74298
