#chm	pos	gpos	snp idx	Mozabite_20.0	Mozabite_20.1	BantuSouthAfrica_5.0	BantuSouthAfrica_5.1	BantuSouthAfrica_2.0	BantuSouthAfrica_2.1	BantuSouthAfrica_1.0	BantuSouthAfrica_1.1	BantuSouthAfrica_6.0	BantuSouthAfrica_6.1	BantuSouthAfrica_4.0	BantuSouthAfrica_4.1	BantuSouthAfrica_7.0	BantuSouthAfrica_7.1	BantuSouthAfrica_8.0	BantuSouthAfrica_8.1	BantuSouthAfrica_3.0	BantuSouthAfrica_3.1	BantuKenya_3.0	BantuKenya_3.1	BantuKenya_4.0	BantuKenya_4.1	BantuKenya_1.0	BantuKenya_1.1	BantuKenya_2.0	BantuKenya_2.1	BantuKenya_5.0	BantuKenya_5.1	BantuKenya_7.0	BantuKenya_7.1	BantuKenya_10.0	BantuKenya_10.1	BantuKenya_11.0	BantuKenya_11.1	BantuKenya_8.0	BantuKenya_8.1	BantuKenya_9.0	BantuKenya_9.1	BantuKenya_6.0	BantuKenya_6.1	Bedouin_3.0	Bedouin_3.1	Bedouin_2.0	Bedouin_2.1	Bedouin_4.0	Bedouin_4.1	Bedouin_41.0	Bedouin_41.1	Bedouin_43.0	Bedouin_43.1	Bedouin_25.0	Bedouin_25.1	Bedouin_38.0	Bedouin_38.1	Bedouin_24.0	Bedouin_24.1	Bedouin_44.0	Bedouin_44.1	Bedouin_31.0	Bedouin_31.1	Bedouin_13.0	Bedouin_13.1	Bedouin_19.0	Bedouin_19.1	Bedouin_14.0	Bedouin_14.1	Bedouin_16.0	Bedouin_16.1	Bedouin_33.0	Bedouin_33.1	Bedouin_35.0	Bedouin_35.1	Bedouin_32.0	Bedouin_32.1	Bedouin_8.0	Bedouin_8.1	Bedouin_27.0	Bedouin_27.1	Bedouin_30.0	Bedouin_30.1	Bedouin_11.0	Bedouin_11.1	Bedouin_9.0	Bedouin_9.1	Bedouin_21.0	Bedouin_21.1	Bedouin_17.0	Bedouin_17.1	Bedouin_39.0	Bedouin_39.1	Bedouin_40.0	Bedouin_40.1	Bedouin_18.0	Bedouin_18.1	Bedouin_1.0	Bedouin_1.1	Bedouin_22.0	Bedouin_22.1	Bedouin_12.0	Bedouin_12.1	Bedouin_28.0	Bedouin_28.1	Bedouin_29.0	Bedouin_29.1	Bedouin_5.0	Bedouin_5.1	Bedouin_26.0	Bedouin_26.1	Bedouin_36.0	Bedouin_36.1	Bedouin_7.0	Bedouin_7.1	Bedouin_45.0	Bedouin_45.1	Bedouin_37.0	Bedouin_37.1	Bedouin_46.0	Bedouin_46.1	Bedouin_15.0	Bedouin_15.1	Bedouin_6.0	Bedouin_6.1	Bedouin_20.0	Bedouin_20.1	Bedouin_34.0	Bedouin_34.1	Bedouin_23.0	Bedouin_23.1	Bedouin_10.0	Bedouin_10.1	Bedouin_42.0	Bedouin_42.1	Biaka_17.0	Biaka_17.1	Biaka_22.0	Biaka_22.1	Biaka_12.0	Biaka_12.1	Biaka_16.0	Biaka_16.1	Biaka_15.0	Biaka_15.1	Biaka_13.0	Biaka_13.1	Biaka_6.0	Biaka_6.1	Biaka_1.0	Biaka_1.1	Biaka_7.0	Biaka_7.1	Biaka_10.0	Biaka_10.1	Biaka_19.0	Biaka_19.1	Biaka_2.0	Biaka_2.1	Biaka_18.0	Biaka_18.1	Biaka_14.0	Biaka_14.1	Biaka_11.0	Biaka_11.1	Biaka_20.0	Biaka_20.1	Biaka_8.0	Biaka_8.1	Biaka_21.0	Biaka_21.1	Biaka_3.0	Biaka_3.1	Biaka_4.0	Biaka_4.1	Biaka_9.0	Biaka_9.1	Biaka_5.0	Biaka_5.1	BergamoItalian_7.0	BergamoItalian_7.1	BergamoItalian_6.0	BergamoItalian_6.1	BergamoItalian_10.0	BergamoItalian_10.1	BergamoItalian_8.0	BergamoItalian_8.1	BergamoItalian_1.0	BergamoItalian_1.1	BergamoItalian_5.0	BergamoItalian_5.1	BergamoItalian_3.0	BergamoItalian_3.1	BergamoItalian_11.0	BergamoItalian_11.1	BergamoItalian_2.0	BergamoItalian_2.1	BergamoItalian_12.0	BergamoItalian_12.1	BergamoItalian_4.0	BergamoItalian_4.1	BergamoItalian_9.0	BergamoItalian_9.1	Druze_23.0	Druze_23.1	Druze_19.0	Druze_19.1	Druze_6.0	Druze_6.1	Druze_5.0	Druze_5.1	Druze_7.0	Druze_7.1	Druze_15.0	Druze_15.1	Druze_16.0	Druze_16.1	Druze_26.0	Druze_26.1	Druze_25.0	Druze_25.1	Druze_22.0	Druze_22.1	Druze_31.0	Druze_31.1	Druze_18.0	Druze_18.1	Druze_9.0	Druze_9.1	Druze_24.0	Druze_24.1	Druze_21.0	Druze_21.1	Druze_41.0	Druze_41.1	Druze_10.0	Druze_10.1	Druze_30.0	Druze_30.1	Druze_34.0	Druze_34.1	Druze_14.0	Druze_14.1	Druze_32.0	Druze_32.1	Druze_20.0	Druze_20.1	Druze_1.0	Druze_1.1	Druze_33.0	Druze_33.1	Druze_36.0	Druze_36.1	Druze_40.0	Druze_40.1	Druze_28.0	Druze_28.1	Druze_4.0	Druze_4.1	Druze_17.0	Druze_17.1	Druze_29.0	Druze_29.1	Druze_37.0	Druze_37.1	Druze_2.0	Druze_2.1	Druze_8.0	Druze_8.1	Druze_12.0	Druze_12.1	Druze_27.0	Druze_27.1	Druze_38.0	Druze_38.1	Druze_3.0	Druze_3.1	Druze_42.0	Druze_42.1	Druze_39.0	Druze_39.1	Druze_11.0	Druze_11.1	Druze_35.0	Druze_35.1	Druze_13.0	Druze_13.1	French_25.0	French_25.1	French_28.0	French_28.1	French_9.0	French_9.1	French_2.0	French_2.1	French_3.0	French_3.1	French_17.0	French_17.1	French_14.0	French_14.1	French_1.0	French_1.1	French_10.0	French_10.1	French_12.0	French_12.1	French_24.0	French_24.1	French_13.0	French_13.1	French_8.0	French_8.1	French_21.0	French_21.1	French_26.0	French_26.1	French_18.0	French_18.1	French_6.0	French_6.1	French_19.0	French_19.1	French_5.0	French_5.1	French_27.0	French_27.1	French_15.0	French_15.1	French_7.0	French_7.1	French_4.0	French_4.1	French_23.0	French_23.1	French_11.0	French_11.1	French_16.0	French_16.1	French_22.0	French_22.1	French_20.0	French_20.1	Palestinian_26.0	Palestinian_26.1	Palestinian_27.0	Palestinian_27.1	Palestinian_29.0	Palestinian_29.1	Palestinian_16.0	Palestinian_16.1	Palestinian_24.0	Palestinian_24.1	Palestinian_1.0	Palestinian_1.1	Palestinian_43.0	Palestinian_43.1	Palestinian_7.0	Palestinian_7.1	Palestinian_9.0	Palestinian_9.1	Palestinian_10.0	Palestinian_10.1	Palestinian_20.0	Palestinian_20.1	Palestinian_12.0	Palestinian_12.1	Palestinian_22.0	Palestinian_22.1	Palestinian_2.0	Palestinian_2.1	Palestinian_11.0	Palestinian_11.1	Palestinian_34.0	Palestinian_34.1	Palestinian_30.0	Palestinian_30.1	Palestinian_5.0	Palestinian_5.1	Palestinian_13.0	Palestinian_13.1	Palestinian_4.0	Palestinian_4.1	Palestinian_37.0	Palestinian_37.1	Palestinian_23.0	Palestinian_23.1	Palestinian_15.0	Palestinian_15.1	Palestinian_8.0	Palestinian_8.1	Palestinian_40.0	Palestinian_40.1	Palestinian_41.0	Palestinian_41.1	Palestinian_46.0	Palestinian_46.1	Palestinian_3.0	Palestinian_3.1	Palestinian_32.0	Palestinian_32.1	Palestinian_45.0	Palestinian_45.1	Palestinian_31.0	Palestinian_31.1	Palestinian_18.0	Palestinian_18.1	Palestinian_36.0	Palestinian_36.1	Palestinian_35.0	Palestinian_35.1	Palestinian_44.0	Palestinian_44.1	Palestinian_17.0	Palestinian_17.1	Palestinian_38.0	Palestinian_38.1	Palestinian_42.0	Palestinian_42.1	Palestinian_19.0	Palestinian_19.1	Palestinian_14.0	Palestinian_14.1	Palestinian_21.0	Palestinian_21.1	Palestinian_33.0	Palestinian_33.1	Palestinian_6.0	Palestinian_6.1	Palestinian_28.0	Palestinian_28.1	Palestinian_39.0	Palestinian_39.1	Palestinian_25.0	Palestinian_25.1	Yoruba_15.0	Yoruba_15.1	Yoruba_20.0	Yoruba_20.1	Yoruba_22.0	Yoruba_22.1	Yoruba_18.0	Yoruba_18.1	Yoruba_7.0	Yoruba_7.1	Yoruba_19.0	Yoruba_19.1	Yoruba_12.0	Yoruba_12.1	Yoruba_13.0	Yoruba_13.1	Yoruba_21.0	Yoruba_21.1	Yoruba_9.0	Yoruba_9.1	Yoruba_11.0	Yoruba_11.1	Yoruba_2.0	Yoruba_2.1	Yoruba_1.0	Yoruba_1.1	Yoruba_3.0	Yoruba_3.1	Yoruba_16.0	Yoruba_16.1	Yoruba_17.0	Yoruba_17.1	Yoruba_4.0	Yoruba_4.1	Yoruba_8.0	Yoruba_8.1	Yoruba_5.0	Yoruba_5.1	Yoruba_10.0	Yoruba_10.1	Yoruba_14.0	Yoruba_14.1	Yoruba_6.0	Yoruba_6.1	5306bbfe.0	5306bbfe.1	5b7401ed.0	5b7401ed.1	58766a6b.0	58766a6b.1	3902e5a0.0	3902e5a0.1	79c66aa9.0	79c66aa9.1	4e75fad4.0	4e75fad4.1	4bc7fc11.0	4bc7fc11.1	3a3b6e72.0	3a3b6e72.1	7099665e.0	7099665e.1	2da80a2d.0	2da80a2d.1	0f9d8f42.0	0f9d8f42.1	4a4551b9.0	4a4551b9.1	0fed0b84.0	0fed0b84.1	3eb8bcf2.0	3eb8bcf2.1	255b2a28.0	255b2a28.1	10f199a8.0	10f199a8.1	76882a80.0	76882a80.1	27865647.0	27865647.1	12aa14d6.0	12aa14d6.1	542679c9.0	542679c9.1	6f62808b.0	6f62808b.1	31046bc2.0	31046bc2.1	4033dfa5.0	4033dfa5.1	2e836eca.0	2e836eca.1	5b928fa1.0	5b928fa1.1	51a67e99.0	51a67e99.1	05d4d2bf.0	05d4d2bf.1	77623d4f.0	77623d4f.1	4b0e5698.0	4b0e5698.1	39c66757.0	39c66757.1	5e244279.0	5e244279.1	3241fdaf.0	3241fdaf.1	132d6436.0	132d6436.1	58bcc235.0	58bcc235.1	43a4f877.0	43a4f877.1	3c8551fc.0	3c8551fc.1	63ab125b.0	63ab125b.1	7efd4f8c.0	7efd4f8c.1	6d924574.0	6d924574.1	1220e7f5.0	1220e7f5.1	2844fd88.0	2844fd88.1	7d1eb6b2.0	7d1eb6b2.1	7bfe0210.0	7bfe0210.1	71959638.0	71959638.1	71e6c2fa.0	71e6c2fa.1	4b18f233.0	4b18f233.1	3b60205a.0	3b60205a.1	49dc61b4.0	49dc61b4.1	32a60368.0	32a60368.1	0a32c060.0	0a32c060.1	3bbc710a.0	3bbc710a.1	0c24855e.0	0c24855e.1	5032e88a.0	5032e88a.1	7293487f.0	7293487f.1	30590f10.0	30590f10.1	3276878c.0	3276878c.1	209fd0b0.0	209fd0b0.1	5f1e91e9.0	5f1e91e9.1	546c2ff6.0	546c2ff6.1	77cb0708.0	77cb0708.1	4a2b053e.0	4a2b053e.1	02e80d02.0	02e80d02.1	2c93428a.0	2c93428a.1	19e5afdc.0	19e5afdc.1	59dc4dbd.0	59dc4dbd.1	0896eb9d.0	0896eb9d.1	6e1b3df3.0	6e1b3df3.1	0bf55198.0	0bf55198.1	52c72d00.0	52c72d00.1	2a9eddec.0	2a9eddec.1	74a28271.0	74a28271.1	452a6bf7.0	452a6bf7.1	33546658.0	33546658.1	321d59a0.0	321d59a0.1	4f6af163.0	4f6af163.1	7410f0ef.0	7410f0ef.1	646a473f.0	646a473f.1	0779fd5b.0	0779fd5b.1	0e9749c4.0	0e9749c4.1	7f18a874.0	7f18a874.1	727d2691.0	727d2691.1	6b25ebaa.0	6b25ebaa.1	58b80137.0	58b80137.1	402d02a8.0	402d02a8.1	3054b4e6.0	3054b4e6.1	4e884e64.0	4e884e64.1	4a55a89b.0	4a55a89b.1	7c686f0b.0	7c686f0b.1	58c71766.0	58c71766.1	03de6c0b.0	03de6c0b.1	2ae0a344.0	2ae0a344.1	1271dda7.0	1271dda7.1	19a39b91.0	19a39b91.1	6c7f03b9.0	6c7f03b9.1	65301e7d.0	65301e7d.1	00a43589.0	00a43589.1	61f3e33b.0	61f3e33b.1	44952345.0	44952345.1	68f9003b.0	68f9003b.1	361a6f5e.0	361a6f5e.1	6c7ade7f.0	6c7ade7f.1	06aba572.0	06aba572.1	3b1e3cb3.0	3b1e3cb3.1	4e639e18.0	4e639e18.1	7814e65f.0	7814e65f.1	1ffc1390.0	1ffc1390.1	0e52117f.0	0e52117f.1	1085bd48.0	1085bd48.1	24f8c12b.0	24f8c12b.1	4de65d49.0	4de65d49.1	0e3461e6.0	0e3461e6.1	2aca8fd6.0	2aca8fd6.1	6c9f53ff.0	6c9f53ff.1	7dc370b8.0	7dc370b8.1	4f0331eb.0	4f0331eb.1	63d00bb6.0	63d00bb6.1	5728e451.0	5728e451.1	1839d0bb.0	1839d0bb.1	795a9adb.0	795a9adb.1	10d65b6c.0	10d65b6c.1	29892f33.0	29892f33.1	7eca2771.0	7eca2771.1	7c1dcd2e.0	7c1dcd2e.1	4a42a25c.0	4a42a25c.1	031274f2.0	031274f2.1	635a0bfa.0	635a0bfa.1	632d4fe3.0	632d4fe3.1	5a76f075.0	5a76f075.1	4dc93261.0	4dc93261.1	1bf8c31e.0	1bf8c31e.1	1b062564.0	1b062564.1	16ceb2f6.0	16ceb2f6.1	73f0ec37.0	73f0ec37.1	1463104a.0	1463104a.1	04ab2181.0	04ab2181.1	77891c07.0	77891c07.1	2b524057.0	2b524057.1	4e20fe11.0	4e20fe11.1	03a25df2.0	03a25df2.1	28584fff.0	28584fff.1	76eddce6.0	76eddce6.1	0b3fe175.0	0b3fe175.1	12c59c56.0	12c59c56.1	0603b08f.0	0603b08f.1	66345e46.0	66345e46.1	5d99193b.0	5d99193b.1	49ba4165.0	49ba4165.1	32a8e14b.0	32a8e14b.1	0ff648e0.0	0ff648e0.1	7a223713.0	7a223713.1	06d13b40.0	06d13b40.1	21867ac5.0	21867ac5.1	2990e25e.0	2990e25e.1	7942d0ca.0	7942d0ca.1	39483de1.0	39483de1.1	5ff019fc.0	5ff019fc.1	48b0a089.0	48b0a089.1	2a2be123.0	2a2be123.1	259242dc.0	259242dc.1	4c8eee66.0	4c8eee66.1	2d9e4805.0	2d9e4805.1	3317970d.0	3317970d.1	7558fbfc.0	7558fbfc.1	384ba8de.0	384ba8de.1	7a7d9d01.0	7a7d9d01.1	0ead8c61.0	0ead8c61.1	2ae20595.0	2ae20595.1	29bad0aa.0	29bad0aa.1	525c91e2.0	525c91e2.1	1c0d424b.0	1c0d424b.1	5e9e83dd.0	5e9e83dd.1	4006f4a8.0	4006f4a8.1	1bbb2688.0	1bbb2688.1	7783cacf.0	7783cacf.1	714adfac.0	714adfac.1	33ebffbc.0	33ebffbc.1	21ec4aa0.0	21ec4aa0.1	1c110a80.0	1c110a80.1	35666f11.0	35666f11.1	69595468.0	69595468.1	6325edf0.0	6325edf0.1	6c71cc4d.0	6c71cc4d.1	6ff22202.0	6ff22202.1	1446d037.0	1446d037.1	3f45638f.0	3f45638f.1	2e8a52a4.0	2e8a52a4.1	75f13396.0	75f13396.1	52192c5f.0	52192c5f.1	13a7776e.0	13a7776e.1	7355cd3e.0	7355cd3e.1	6455de99.0	6455de99.1	3da210da.0	3da210da.1	705e131f.0	705e131f.1	1cdf9e20.0	1cdf9e20.1	48a7ec4f.0	48a7ec4f.1	59b8870c.0	59b8870c.1	4a29539a.0	4a29539a.1	5db6007c.0	5db6007c.1	1ef220cf.0	1ef220cf.1	69fe322f.0	69fe322f.1	0ff8e466.0	0ff8e466.1	7eb0c4a0.0	7eb0c4a0.1	0f4c7081.0	0f4c7081.1	6193e487.0	6193e487.1	0cc674b2.0	0cc674b2.1	7d7cc0ba.0	7d7cc0ba.1	00d4d157.0	00d4d157.1	7f73915c.0	7f73915c.1	4a341e87.0	4a341e87.1	36fed442.0	36fed442.1	6a1879cd.0	6a1879cd.1	4c353c08.0	4c353c08.1	37957022.0	37957022.1	1334391a.0	1334391a.1	5434bd76.0	5434bd76.1	1dbe8c08.0	1dbe8c08.1	7460a6e6.0	7460a6e6.1	2b101ce9.0	2b101ce9.1	0ef1fbe5.0	0ef1fbe5.1	6919f215.0	6919f215.1	0d3d8ce2.0	0d3d8ce2.1	737ddf8a.0	737ddf8a.1	7ab5677c.0	7ab5677c.1	2188dcad.0	2188dcad.1	3111fe63.0	3111fe63.1	34acaafb.0	34acaafb.1	71a35f74.0	71a35f74.1	265ce462.0	265ce462.1	28c713d5.0	28c713d5.1	54875575.0	54875575.1	50da0457.0	50da0457.1	3df2f441.0	3df2f441.1	586fbbff.0	586fbbff.1	3d9ccf1f.0	3d9ccf1f.1	4dd983dd.0	4dd983dd.1	6ccc221e.0	6ccc221e.1	6addb84c.0	6addb84c.1	0dd0b0af.0	0dd0b0af.1	502723e1.0	502723e1.1	0b4522d0.0	0b4522d0.1	001f6fe3.0	001f6fe3.1	124455a7.0	124455a7.1	20f34f07.0	20f34f07.1	79d065e2.0	79d065e2.1	18849b36.0	18849b36.1	08f9dd04.0	08f9dd04.1	69793686.0	69793686.1	164ef502.0	164ef502.1	69b5b74b.0	69b5b74b.1	7d35aac9.0	7d35aac9.1	7bd48b6c.0	7bd48b6c.1	61db622a.0	61db622a.1	2cfaa7d0.0	2cfaa7d0.1	1366f8a6.0	1366f8a6.1	52599927.0	52599927.1	364c7eae.0	364c7eae.1	7adc5cd8.0	7adc5cd8.1	3af199c1.0	3af199c1.1	48adab44.0	48adab44.1	74800cea.0	74800cea.1	0e079ac4.0	0e079ac4.1	467c30c6.0	467c30c6.1	7705dcdb.0	7705dcdb.1	3f48be75.0	3f48be75.1	307e3222.0	307e3222.1	48b25254.0	48b25254.1	1cf3875b.0	1cf3875b.1	0370ec2e.0	0370ec2e.1	47eaaa5e.0	47eaaa5e.1	47bb6649.0	47bb6649.1	10ece8cc.0	10ece8cc.1	021a26ee.0	021a26ee.1	435572de.0	435572de.1	19eb285c.0	19eb285c.1	41d13ba0.0	41d13ba0.1	04d5b96b.0	04d5b96b.1	76d3f41b.0	76d3f41b.1	18b32e46.0	18b32e46.1	5d9d46b1.0	5d9d46b1.1	0f77ccca.0	0f77ccca.1	3d591ffa.0	3d591ffa.1	08ea5f22.0	08ea5f22.1	1c228c0c.0	1c228c0c.1	04b0b1b8.0	04b0b1b8.1	6cb86eec.0	6cb86eec.1	2c80d492.0	2c80d492.1	3d8f8c0a.0	3d8f8c0a.1	6b15e5a1.0	6b15e5a1.1	23b2348c.0	23b2348c.1	106d0170.0	106d0170.1	2fe9923d.0	2fe9923d.1	2efae764.0	2efae764.1	37fbc04f.0	37fbc04f.1	2906d556.0	2906d556.1	6a3c02d4.0	6a3c02d4.1	233414db.0	233414db.1	1435603a.0	1435603a.1	776b169f.0	776b169f.1	02cce44d.0	02cce44d.1	70e6e67c.0	70e6e67c.1	44c433cc.0	44c433cc.1	6d2720a7.0	6d2720a7.1	6349ac63.0	6349ac63.1	426a6a36.0	426a6a36.1	0656d390.0	0656d390.1	7bb3a6d9.0	7bb3a6d9.1	609b0fe2.0	609b0fe2.1	259a394c.0	259a394c.1	654b3b68.0	654b3b68.1	5039bc83.0	5039bc83.1	50ca46b9.0	50ca46b9.1
7	59671	0.04339	0	0.59571	0.26891
7	88730	0.11478	5	0.78945	0.35984
7	126342	0.25060	10	0.87049	0.45308
7	296195	0.61568	15	0.90017	0.55328
7	369211	0.73252	20	0.90673	0.63594
7	540137	1.00604	25	0.80816	0.73280
7	668544	1.21152	30	0.63815	0.79437
7	792966	1.40124	35	0.32963	0.87072
7	1007043	1.78867	40	0.06044	0.86839
7	1072038	1.81575	45	0.00869	0.91103
7	1169971	1.84321	50	0.00453	0.96399
7	1293784	2.29544	55	0.00304	0.96178
7	1385827	2.61445	60	0.00167	0.87386
7	1543239	2.75847	65	0.00211	0.61621
7	1751857	3.23496	70	0.00343	0.22100
7	1791064	3.34372	75	0.00434	0.05231
7	1925377	3.42721	80	0.00989	0.01106
7	1978755	3.43659	85	0.01721	0.00313
7	2062168	3.44695	90	0.04120	0.00077
7	2105790	3.46713	95	0.08028	0.00021
7	2240470	3.52646	100	0.26242	0.00017
7	2322869	3.59256	105	0.64707	0.00050
7	2448790	3.80801	110	0.89631	0.00184
7	2547942	4.06681	115	0.98002	0.00321
7	2646425	4.31426	120	0.99137	0.00551
7	2714484	4.57276	125	0.99552	0.01485
7	2760584	4.59408	130	0.99135	0.04235
7	2794667	4.60094	135	0.98877	0.22894
7	2879249	4.63439	140	0.97249	0.42892
7	2995436	5.22696	145	0.94245	0.37799
7	3042351	5.44685	150	0.88828	0.27348
7	3109532	5.66547	155	0.55957	0.23256
7	3175979	5.79226	160	0.44943	0.18660
7	3213601	5.90738	165	0.33285	0.09952
7	3258621	6.06172	170	0.19589	0.07813
7	3290963	6.15000	175	0.21418	0.12261
7	3346069	6.16014	180	0.20705	0.19165
7	3433779	6.17978	185	0.17461	0.25321
7	3583262	6.23002	190	0.37332	0.22985
7	3626596	6.24384	195	0.24019	0.29355
7	3822490	6.36239	200	0.16488	0.32989
7	3900699	6.39325	205	0.17230	0.23286
7	4023122	6.48755	210	0.33027	0.22351
7	4095615	6.55796	215	0.44465	0.16247
7	4212822	6.83067	220	0.67591	0.16246
7	4313162	7.11965	225	0.81978	0.19446
7	4351542	7.26321	230	0.90681	0.11822
7	4524250	7.78236	235	0.87886	0.11880
7	4605757	7.89081	240	0.78041	0.15506
7	4804264	8.56027	245	0.51011	0.17875
7	4857280	8.67183	250	0.32135	0.20010
7	4976075	8.97779	255	0.33019	0.30646
7	5025030	8.99648	260	0.50317	0.44178
7	5076785	9.01119	265	0.56998	0.61222
7	5122559	9.16494	270	0.77918	0.68378
7	5262679	9.51217	275	0.87340	0.72728
7	5346690	9.72090	280	0.94350	0.60576
7	5440010	10.07456	285	0.94766	0.46731
7	5534608	10.24845	290	0.97229	0.31979
7	5613666	10.55279	295	0.98562	0.26523
7	5811483	10.63454	300	0.99045	0.11696
7	5898500	10.75016	305	0.99156	0.03889
7	6062831	11.21737	310	0.99111	0.05257
7	6150956	11.26314	315	0.99167	0.04869
7	6202022	11.27786	320	0.99171	0.10609
7	6283217	11.31901	325	0.99334	0.16205
7	6388050	11.64659	330	0.99336	0.17029
7	6439800	11.66026	335	0.99407	0.21676
7	6501384	11.74354	340	0.99358	0.17107
7	6615995	11.86016	345	0.99398	0.17545
7	6686249	11.90475	350	0.99396	0.20371
7	6727714	11.91573	355	0.99270	0.23813
7	6864327	12.14222	360	0.98800	0.24843
7	6895221	12.31446	365	0.99191	0.24427
7	6941935	12.51433	370	0.99297	0.50237
7	6993058	12.57182	375	0.99309	0.81503
7	7053681	12.70932	380	0.99281	0.86409
7	7139865	12.96157	385	0.99241	0.97139
7	7191766	12.99395	390	0.98978	0.99088
7	7257810	13.02509	395	0.99301	0.99107
7	7297428	13.09745	400	0.99245	0.99446
7	7391114	13.43754	405	0.99187	0.99645
7	7485577	13.52782	410	0.98932	0.99727
7	7632031	13.62475	415	0.98264	0.99738
7	7761896	13.86433	420	0.96532	0.99560
7	7853538	14.38723	425	0.89699	0.99538
7	7941233	14.70590	430	0.88944	0.98782
7	8270435	15.76725	435	0.82583	0.99433
7	8407573	16.24257	440	0.77943	0.99720
7	8461699	16.36946	445	0.76540	0.99683
7	8588515	16.76907	450	0.66644	0.99817
7	8644502	16.80397	455	0.62604	0.99301
7	8811689	17.46763	460	0.38323	0.99264
7	8918702	17.60748	465	0.70863	0.98952
7	9064815	18.14690	470	0.85695	0.98702
7	9152534	18.46936	475	0.87307	0.98164
7	9257067	18.76248	480	0.83623	0.97789
7	9363829	19.03816	485	0.68525	0.97326
7	9476924	19.08639	490	0.50927	0.92868
7	9518949	19.16166	495	0.45421	0.75560
7	9556285	19.19045	500	0.39104	0.53577
7	9588641	19.20148	505	0.35248	0.37213
7	9662541	19.43374	510	0.19601	0.30426
7	9824736	19.55820	515	0.11032	0.29354
7	9907202	19.76365	520	0.26367	0.28047
7	9951823	19.89740	525	0.52001	0.33185
7	10139330	20.15740	530	0.68879	0.35821
7	10204067	20.21439	535	0.68325	0.49737
7	10310936	20.28489	540	0.72918	0.70224
7	10355861	20.35559	545	0.91268	0.71138
7	10446047	20.40129	550	0.96066	0.75036
7	10534568	20.46259	555	0.96783	0.85576
7	10566057	20.47308	560	0.93327	0.91075
7	10622443	20.50522	565	0.85365	0.90628
7	10735786	20.53921	570	0.52174	0.88754
7	10880731	20.66765	575	0.76519	0.83969
7	11114649	20.73907	580	0.88445	0.77625
7	11231188	20.97273	585	0.93158	0.66853
7	11250569	21.00197	590	0.94578	0.49808
7	11358105	21.30406	595	0.94438	0.47375
7	11485712	21.43828	600	0.92697	0.35275
7	11534854	21.63017	605	0.85000	0.19286
7	11578153	21.66829	610	0.72227	0.37829
7	11664857	22.02312	615	0.39938	0.63574
7	11792802	22.11893	620	0.23393	0.82777
7	11922793	22.33478	625	0.28389	0.92968
7	12013604	22.41285	630	0.49830	0.96931
7	12108403	22.56457	635	0.76932	0.97186
7	12155697	22.63107	640	0.90640	0.96468
7	12278735	22.71629	645	0.93370	0.95590
7	12352220	22.73662	650	0.90345	0.86690
7	12474734	22.81356	655	0.83111	0.69379
7	12526529	22.83845	660	0.58976	0.28933
7	12659110	23.23490	665	0.56387	0.06249
7	12745901	23.40821	670	0.34162	0.01339
7	12896034	23.56362	675	0.42201	0.00962
7	12977010	23.74692	680	0.48793	0.00915
7	13027937	23.79285	685	0.54033	0.01368
7	13092398	23.80860	690	0.61374	0.01007
7	13175297	23.84219	695	0.79513	0.00712
7	13273682	23.99694	700	0.91853	0.00347
7	13401627	24.06866	705	0.96640	0.00145
7	13479745	24.13707	710	0.97300	0.00088
7	13631124	24.46816	715	0.95120	0.00175
7	13715167	24.75188	720	0.81469	0.00714
7	13817244	25.05720	725	0.53356	0.03821
7	13953623	25.50115	730	0.06098	0.12039
7	14131172	25.86110	735	0.00454	0.28058
7	14228619	26.40022	740	0.00161	0.54228
7	14281234	26.63424	745	0.00103	0.66930
7	14364469	26.88306	750	0.00122	0.81375
7	14458217	27.07531	755	0.00173	0.93397
7	14535423	27.11393	760	0.00205	0.98144
7	14608832	27.25448	765	0.00345	0.99632
7	14701222	27.33254	770	0.01926	0.99917
7	14832155	27.48488	775	0.09496	0.99948
7	14934738	27.64972	780	0.69861	0.99931
7	15013964	27.86824	785	0.96560	0.99894
7	15159493	28.17747	790	0.99726	0.99958
7	15234636	28.30277	795	0.99753	0.99976
7	15377054	28.42196	800	0.97632	0.99977
7	15436040	28.53745	805	0.74627	0.99915
7	15500994	28.61803	810	0.36906	0.98956
7	15592205	28.83984	815	0.12344	0.91105
7	15918014	29.27215	820	0.05315	0.97064
7	15994587	29.29505	825	0.03435	0.97897
7	16136891	29.37443	830	0.01820	0.97937
7	16208078	29.39117	835	0.00895	0.97656
7	16311332	29.43907	840	0.00576	0.97126
7	16488696	29.60122	845	0.00416	0.97149
7	16771948	30.50291	850	0.02230	0.98607
7	16868997	30.79670	855	0.23272	0.99166
7	16982619	30.96470	860	0.57720	0.99155
7	17070302	31.02185	865	0.70206	0.99132
7	17273385	31.34739	870	0.73878	0.99018
7	17458558	31.41652	875	0.71769	0.99087
7	17560967	31.95261	880	0.64507	0.99258
7	17691325	32.14588	885	0.58298	0.99642
7	17717510	32.16388	890	0.57220	0.99700
7	17987965	32.28086	895	0.43422	0.99547
7	18141990	32.50383	900	0.27602	0.99623
7	18335701	32.56439	905	0.22337	0.99656
7	18662186	32.86091	910	0.11684	0.99668
7	18773294	32.96677	915	0.04712	0.99629
7	18893897	33.25583	920	0.01570	0.99210
7	19065496	34.08186	925	0.00638	0.99549
7	19166813	34.56860	930	0.00283	0.99834
7	19277587	34.68063	935	0.00378	0.99900
7	19342796	34.73088	940	0.00979	0.99912
7	19482404	34.91705	945	0.01210	0.99913
7	19563004	34.99675	950	0.00937	0.99962
7	19655097	35.13565	955	0.00817	0.99992
7	19706959	35.19358	960	0.01730	0.99992
7	19785171	35.25014	965	0.02281	0.99984
7	19948233	35.34902	970	0.02301	0.99975
7	20027851	35.45386	975	0.03069	0.99925
7	20123894	35.72007	980	0.01421	0.99971
7	20235574	35.79326	985	0.01324	0.99899
7	20379876	36.08327	990	0.00924	0.99885
7	20522250	36.39749	995	0.00502	0.99953
7	20626158	36.56123	1000	0.00271	0.99957
7	20687539	36.60170	1005	0.00328	0.99802
7	20883838	37.04266	1010	0.00265	0.99930
7	21032902	37.24446	1015	0.00510	0.99976
7	21147839	37.36627	1020	0.02034	0.99986
7	21236582	37.45977	1025	0.08475	0.99983
7	21345414	37.54400	1030	0.27396	0.99957
7	21466638	37.74768	1035	0.49401	0.99983
7	21552821	37.85339	1040	0.78137	0.99927
7	21679483	38.11867	1045	0.91912	0.99900
7	21780408	38.43411	1050	0.97277	0.99991
7	21812617	38.45032	1055	0.98387	0.99929
7	21932604	38.70919	1060	0.99059	0.99835
7	22049244	39.10532	1065	0.99330	0.99770
7	22162095	39.58291	1070	0.99556	0.99981
7	22257083	39.66737	1075	0.99232	0.99963
7	22377970	39.83944	1080	0.98887	0.99933
7	22497832	40.08793	1085	0.99410	0.99969
7	22652960	40.22036	1090	0.99349	0.99980
7	22760816	40.32472	1095	0.98236	0.99951
7	22832526	40.54205	1100	0.97582	0.99985
7	22989413	40.63209	1105	0.86254	0.99990
7	23025538	40.63604	1110	0.86929	0.99966
7	23136780	40.81798	1115	0.86043	0.99991
7	23247036	40.84340	1120	0.82237	0.99989
7	23387501	40.89809	1125	0.68917	0.99945
7	23512800	41.13171	1130	0.55463	0.99989
7	23629233	41.19135	1135	0.28997	0.99996
7	23796340	41.24873	1140	0.06939	0.99998
7	23877678	41.26128	1145	0.01363	0.99979
7	23959807	41.40679	1150	0.00421	0.99998
7	24011385	41.42450	1155	0.00165	0.99994
7	24103396	41.48338	1160	0.00104	0.99941
7	24245710	41.72794	1165	0.00074	0.99989
7	24317384	41.80189	1170	0.00133	0.99869
7	24487836	42.16786	1175	0.00572	0.99991
7	24577501	42.23388	1180	0.03839	0.99998
7	24621894	42.23682	1185	0.18815	0.99981
7	24839827	42.35731	1190	0.57046	0.99937
7	24948288	42.60832	1195	0.19998	0.99984
7	25037064	42.71738	1200	0.01771	0.99926
7	25140656	42.98909	1205	0.00130	0.99968
7	25287113	43.12687	1210	0.00086	0.99760
7	25374868	43.44757	1215	0.00143	0.97593
7	25447494	43.58030	1220	0.00398	0.84027
7	25546003	43.75338	1225	0.00768	0.46351
7	25656547	44.04202	1230	0.01240	0.33039
7	25748271	44.06236	1235	0.04967	0.11848
7	25835504	44.22457	1240	0.24592	0.03786
7	25928308	44.36641	1245	0.39556	0.38847
7	26053500	44.45111	1250	0.64756	0.84658
7	26246859	44.58867	1255	0.57846	0.60553
7	26465304	44.83819	1260	0.40097	0.13540
7	26553157	45.03943	1265	0.16907	0.09488
7	26645560	45.25406	1270	0.13776	0.06072
7	26761027	45.30002	1275	0.16766	0.06835
7	26896576	45.32987	1280	0.28923	0.23965
7	27076566	45.34808	1285	0.46232	0.62169
7	27275950	45.59777	1290	0.60939	0.89315
7	27365472	45.72825	1295	0.71744	0.94278
7	27458713	45.78741	1300	0.57658	0.97836
7	27618416	45.92633	1305	0.26690	0.99475
7	27804816	45.95900	1310	0.09153	0.99882
7	27931681	46.05324	1315	0.06299	0.99970
7	27998267	46.11889	1320	0.03485	0.99706
7	28188783	46.39719	1325	0.00839	0.96952
7	28395910	47.01094	1330	0.00136	0.80031
7	28498551	47.20013	1335	0.00161	0.53449
7	28589976	47.38995	1340	0.00197	0.25657
7	28637804	47.46712	1345	0.00164	0.13424
7	28696748	47.79644	1350	0.00322	0.06427
7	28861511	48.01889	1355	0.00774	0.02481
7	28938783	48.44967	1360	0.02005	0.01016
7	29010149	48.50382	1365	0.25030	0.00714
7	29140878	48.76321	1370	0.78315	0.00461
7	29294664	49.08562	1375	0.98410	0.00428
7	29407674	49.35492	1380	0.99490	0.00260
7	29661735	49.80647	1385	0.99528	0.00030
7	29850727	49.94116	1390	0.99482	0.00047
7	29908031	49.99680	1395	0.99311	0.00240
7	29939150	50.01480	1400	0.99493	0.01242
7	30077801	50.02828	1405	0.99458	0.08844
7	30368535	50.36287	1410	0.99423	0.11646
7	30417423	50.43615	1415	0.99396	0.18011
7	30505131	50.61623	1420	0.99560	0.26334
7	30581678	50.62973	1425	0.99660	0.27819
7	30757597	50.98954	1430	0.99822	0.37628
7	30826072	51.05379	1435	0.99765	0.90888
7	30953666	51.50725	1440	0.99883	0.99449
7	31018069	51.77716	1445	0.99672	0.99556
7	31291767	52.33575	1450	0.99612	0.97315
7	31468912	52.58554	1455	0.97711	0.69585
7	31513177	52.63218	1460	0.83781	0.07610
7	31673535	52.74680	1465	0.28521	0.01120
7	31852761	53.33667	1470	0.08647	0.03811
7	31957416	53.40078	1475	0.01369	0.10081
7	31976003	53.40795	1480	0.00767	0.38594
7	32037469	53.51357	1485	0.00526	0.56738
7	32177809	53.73784	1490	0.00205	0.20724
7	32306083	53.94882	1495	0.00068	0.05771
7	32370317	54.09926	1500	0.00024	0.01062
7	32411580	54.17562	1505	0.00048	0.00185
7	32540103	54.40770	1510	0.00718	0.00107
7	32666275	54.41946	1515	0.14617	0.00117
7	32728092	54.42156	1520	0.72712	0.00149
7	32782188	54.42821	1525	0.80437	0.00121
7	32816422	54.43811	1530	0.55376	0.02312
7	32974495	54.51926	1535	0.33226	0.04745
7	33054064	54.58969	1540	0.15789	0.17986
7	33215588	54.69913	1545	0.04732	0.36004
7	33321932	54.71226	1550	0.01116	0.50134
7	33486512	54.74558	1555	0.00329	0.69590
7	33582976	55.05678	1560	0.00114	0.77748
7	33741609	55.31595	1565	0.00109	0.87573
7	33854588	55.54906	1570	0.00138	0.83898
7	33971934	55.66734	1575	0.00243	0.75801
7	34166344	56.00378	1580	0.00707	0.62646
7	34285011	56.25516	1585	0.02176	0.19026
7	34439353	56.35184	1590	0.08728	0.09617
7	34576242	56.43535	1595	0.37769	0.05291
7	34627804	56.45009	1600	0.46199	0.03303
7	34713434	56.56004	1605	0.56131	0.01240
7	34813865	56.57658	1610	0.78572	0.00524
7	34939547	56.76961	1615	0.87432	0.00267
7	35121335	56.79237	1620	0.93013	0.00261
7	35331807	57.03116	1625	0.96850	0.00302
7	35433042	57.19381	1630	0.98984	0.00630
7	35513010	57.25734	1635	0.99805	0.00922
7	35567536	57.32389	1640	0.99951	0.00640
7	35726653	57.40905	1645	0.99965	0.00460
7	35945651	57.45845	1650	0.99928	0.00221
7	36103338	57.70771	1655	0.99963	0.00149
7	36162858	57.75123	1660	0.99930	0.00100
7	36260022	57.94214	1665	0.99830	0.00100
7	36361022	58.08941	1670	0.99642	0.00092
7	36447600	58.10399	1675	0.99307	0.00916
7	36689727	58.93437	1680	0.99493	0.06278
7	36752803	59.03860	1685	0.99780	0.13780
7	36867606	59.19627	1690	0.99922	0.25896
7	37045081	59.39140	1695	0.99938	0.32251
7	37127104	59.49102	1700	0.99763	0.60430
7	37367952	59.88747	1705	0.99622	0.70360
7	37461464	60.47552	1710	0.99922	0.63805
7	37683810	60.64728	1715	0.99956	0.63627
7	37718585	60.66765	1720	0.99613	0.58853
7	37789417	60.68745	1725	0.99778	0.71312
7	38025878	61.15144	1730	0.99908	0.74668
7	38113788	61.18797	1735	0.99836	0.72177
7	38252406	61.51917	1740	0.99768	0.72796
7	38304547	61.63446	1745	0.99664	0.74020
7	38345406	61.72625	1750	0.99560	0.73832
7	38530194	61.83048	1755	0.99448	0.57776
7	38682544	62.30738	1760	0.99287	0.53810
7	38792734	62.40639	1765	0.99425	0.52847
7	39001365	62.70987	1770	0.99528	0.65829
7	39219176	62.79335	1775	0.99553	0.75225
7	39431778	62.94502	1780	0.99568	0.84004
7	39518404	63.05050	1785	0.99555	0.82313
7	39584104	63.08530	1790	0.99492	0.87452
7	39662822	63.09822	1795	0.99382	0.91219
7	39815000	63.16807	1800	0.99465	0.90614
7	40196791	63.25760	1805	0.99443	0.93913
7	40379294	63.32157	1810	0.99267	0.95713
7	40647551	63.43538	1815	0.98961	0.96100
7	40919379	64.40395	1820	0.99280	0.97355
7	41007999	64.44162	1825	0.99697	0.98577
7	41166830	64.66792	1830	0.99647	0.99117
7	41383048	65.14465	1835	0.99660	0.99448
7	41440214	65.18588	1840	0.99432	0.99443
7	41535305	65.29388	1845	0.99747	0.99449
7	41603712	65.30122	1850	0.99907	0.99398
7	41745559	65.42837	1855	0.99942	0.99471
7	41905665	65.60252	1860	0.99839	0.99416
7	42058938	66.00086	1865	0.99972	0.99489
7	42112122	66.04353	1870	0.99908	0.99432
7	42242503	66.30214	1875	0.99912	0.99479
7	42454898	66.50199	1880	0.99904	0.99492
7	42584166	66.73858	1885	0.99930	0.99508
7	42710347	66.78672	1890	0.99906	0.99356
7	42817694	66.93644	1895	0.99856	0.99295
7	42983115	67.02565	1900	0.99894	0.99604
7	43032242	67.05118	1905	0.99818	0.99627
7	43246990	67.42353	1910	0.99873	0.99719
7	43317549	67.54994	1915	0.99846	0.99663
7	43456742	67.84202	1920	0.99884	0.99793
7	43592068	68.01407	1925	0.99925	0.99882
7	43836576	68.04655	1930	0.99915	0.99781
7	44088305	68.10965	1935	0.99829	0.99288
7	44285202	68.45586	1940	0.99864	0.97483
7	44388258	68.54124	1945	0.99836	0.91595
7	44631901	68.61256	1950	0.99729	0.73961
7	44791338	68.80287	1955	0.99215	0.52078
7	45051585	69.00103	1960	0.98619	0.21130
7	45225829	69.42801	1965	0.98360	0.02327
7	45387294	69.53716	1970	0.96953	0.00384
7	45592460	69.76642	1975	0.94700	0.00197
7	45684351	69.92670	1980	0.94873	0.00164
7	45898300	70.03891	1985	0.96428	0.00119
7	46070476	70.25416	1990	0.97651	0.00079
7	46271450	70.49189	1995	0.98664	0.00062
7	46352932	70.52947	2000	0.97933	0.00044
7	46442048	70.55630	2005	0.94398	0.00077
7	46547033	70.59541	2010	0.87306	0.00251
7	46653392	70.79924	2015	0.92428	0.00372
7	46718399	70.88707	2020	0.97881	0.00477
7	46818930	71.00060	2025	0.98850	0.00779
7	47072065	71.38309	2030	0.99532	0.01369
7	47159053	71.43608	2035	0.99372	0.02652
7	47397647	71.92043	2040	0.99249	0.04717
7	47563095	72.33092	2045	0.99261	0.11667
7	47617204	72.43086	2050	0.99004	0.38619
7	47769945	72.67721	2055	0.98713	0.50047
7	47887863	73.00205	2060	0.98944	0.25050
7	48096241	73.08391	2065	0.98989	0.05601
7	48226155	73.11739	2070	0.97986	0.01298
7	48398392	73.26185	2075	0.93859	0.01902
7	48463446	73.37282	2080	0.92760	0.03918
7	48579271	73.39571	2085	0.90024	0.10306
7	48681955	73.44264	2090	0.89054	0.22299
7	48781704	73.48931	2095	0.90187	0.07771
7	48887129	73.56164	2100	0.93991	0.01125
7	49090169	73.62899	2105	0.98695	0.01656
7	49177291	73.85208	2110	0.99693	0.03188
7	49278409	73.99176	2115	0.99912	0.05902
7	49408563	74.04562	2120	0.99951	0.07382
7	49467394	74.08630	2125	0.99969	0.11037
7	49525656	74.09767	2130	0.99946	0.14375
7	49609029	74.26904	2135	0.99882	0.06008
7	49679188	74.30739	2140	0.98765	0.04150
7	49816708	74.62351	2145	0.91384	0.00565
7	49957138	74.68241	2150	0.66570	0.00087
7	50092642	74.69663	2155	0.30256	0.00014
7	50200225	74.76225	2160	0.08543	0.00138
7	50402906	75.24117	2165	0.01196	0.01709
7	50501037	75.27185	2170	0.00470	0.25214
7	50594129	75.31194	2175	0.00331	0.89115
7	50723182	75.42645	2180	0.00570	0.97854
7	50803340	75.44057	2185	0.00910	0.85997
7	50984815	75.78126	2190	0.01104	0.29786
7	51090915	75.90083	2195	0.01979	0.05479
7	51297031	75.96353	2200	0.02240	0.00930
7	51381631	76.01940	2205	0.01097	0.00160
7	51504593	76.09745	2210	0.00444	0.00058
7	51644750	76.36308	2215	0.00211	0.00115
7	51739858	76.48676	2220	0.00065	0.00144
7	51944367	76.78683	2225	0.00034	0.00223
7	51990006	76.81100	2230	0.00021	0.00464
7	52049123	76.86145	2235	0.00101	0.00868
7	52120277	76.92243	2240	0.00535	0.02383
7	52285061	77.04013	2245	0.02600	0.14109
7	52447378	77.08549	2250	0.22216	0.19389
7	52526648	77.12856	2255	0.43565	0.43581
7	52644681	77.20107	2260	0.75056	0.74285
7	52717727	77.32018	2265	0.84473	0.92528
7	52821592	77.45839	2270	0.93385	0.96918
7	52874221	77.47306	2275	0.96977	0.98732
7	52913279	77.53420	2280	0.96327	0.99493
7	53018265	77.65092	2285	0.98007	0.99753
7	53119686	77.89551	2290	0.98670	0.99768
7	53175889	77.94266	2295	0.99512	0.99918
7	53275646	77.99985	2300	0.99830	0.99973
7	53381530	78.03859	2305	0.99934	0.99976
7	53423473	78.07803	2310	0.99933	0.99885
7	53579967	78.12164	2315	0.99522	0.99493
7	53659173	78.17386	2320	0.98389	0.90614
7	53723168	78.20309	2325	0.96909	0.44714
7	53849624	78.22231	2330	0.94838	0.34022
7	54015674	78.27454	2335	0.91081	0.24005
7	54066706	78.33187	2340	0.85983	0.29062
7	54147308	78.43039	2345	0.68283	0.46137
7	54193907	78.44367	2350	0.41596	0.44312
7	54308425	78.47366	2355	0.09247	0.48144
7	54358376	78.48301	2360	0.00481	0.66971
7	54523044	78.51846	2365	0.00091	0.79913
7	54612644	78.61252	2370	0.00038	0.83113
7	54656684	78.67233	2375	0.00051	0.69144
7	54851624	78.90777	2380	0.00112	0.64331
7	54935634	78.94894	2385	0.00215	0.65736
7	55171347	79.32974	2390	0.00419	0.67444
7	55248536	79.46095	2395	0.01673	0.75903
7	55572254	79.66549	2400	0.07351	0.86916
7	55643345	79.93499	2405	0.26311	0.92610
7	55677327	79.96918	2410	0.76418	0.94310
7	55793820	80.03926	2415	0.92995	0.93225
7	55907246	80.06206	2420	0.98732	0.83459
7	56043782	80.07912	2425	0.98765	0.66210
7	56128497	80.09152	2430	0.94402	0.36724
7	56263795	80.14034	2435	0.85870	0.29476
7	56321204	80.14447	2440	0.75483	0.22213
7	56457619	80.14802	2445	0.58136	0.09947
7	56500120	80.15011	2450	0.57623	0.06150
7	56583954	80.15616	2455	0.24904	0.06095
7	56628851	80.16400	2460	0.27429	0.09423
7	56650355	80.17355	2465	0.24935	0.15692
7	56755128	80.33309	2470	0.18859	0.30125
7	56873008	80.39019	2475	0.13791	0.54811
7	57136394	80.56110	2480	0.12633	0.89612
7	57280505	80.63764	2485	0.11775	0.97076
7	57389054	80.83575	2490	0.10700	0.98759
7	57466268	80.84789	2495	0.16400	0.99886
7	57720374	80.87038	2500	0.19380	0.99985
7	57878504	80.87517	2505	0.23304	0.99999
7	57974913	80.87523	2510	0.24314	1.00000
7	58012626	80.87523	2515	0.17461	1.00000
7	58110074	80.87523	2520	0.09493	1.00000
7	60941769	80.87523	2525	0.05219	1.00000
7	61030707	80.87523	2530	0.02818	1.00000
7	61793410	80.88036	2535	0.01395	1.00000
7	61821260	80.88037	2540	0.00726	1.00000
7	61961962	80.88045	2545	0.00356	1.00000
7	62188102	80.88058	2550	0.00150	1.00000
7	62297442	80.88065	2555	0.00075	1.00000
7	62423552	80.88322	2560	0.00040	1.00000
7	62531815	80.88643	2565	0.00019	1.00000
7	62598651	80.88840	2570	0.00006	1.00000
7	62692001	80.89198	2575	0.00004	0.99999
7	62854095	80.89640	2580	0.00004	0.99996
7	62957120	80.89989	2585	0.00006	0.99951
7	63112633	80.96007	2590	0.00022	0.99735
7	63602593	81.01997	2595	0.00025	0.99195
7	63744451	81.04924	2600	0.00054	0.99565
7	63975551	81.22166	2605	0.00152	0.99757
7	64063286	81.23267	2610	0.00120	0.99793
7	64145200	81.24095	2615	0.00065	0.99003
7	64278914	81.26958	2620	0.00022	0.97723
7	64340205	81.28572	2625	0.00002	0.96380
7	64478962	81.31305	2630	0.00002	0.95885
7	64652935	81.35058	2635	0.00005	0.96884
7	64752444	81.37071	2640	0.00008	0.98480
7	64824124	81.40530	2645	0.00017	0.99360
7	64935554	81.42027	2650	0.00030	0.99815
7	65070978	81.43909	2655	0.00045	0.99936
7	65444329	81.47908	2660	0.00329	0.99970
7	65851344	81.52175	2665	0.02782	0.99994
7	66067529	81.53124	2670	0.19539	0.99998
7	66268340	81.54144	2675	0.60725	0.99998
7	66494142	81.54623	2680	0.84379	0.99997
7	66679692	81.55294	2685	0.62642	0.99997
7	66786821	81.55838	2690	0.13783	0.99997
7	66931953	81.56731	2695	0.05871	0.99995
7	67028418	81.63983	2700	0.02552	0.99996
7	67110154	81.64573	2705	0.01172	0.99998
7	67168931	81.66054	2710	0.00633	0.99999
7	67257625	81.67184	2715	0.00240	0.99998
7	67361698	81.70845	2720	0.00058	0.99999
7	67392044	81.72562	2725	0.00016	0.99993
7	67495449	81.80817	2730	0.00005	0.99993
7	67605369	81.87815	2735	0.00009	0.99992
7	67695372	81.95053	2740	0.00118	0.99988
7	67740338	81.96321	2745	0.00595	0.99918
7	67798682	81.99708	2750	0.04610	0.99806
7	68087394	82.36083	2755	0.42498	0.99770
7	68209304	82.77053	2760	0.63986	0.99839
7	68301169	82.81433	2765	0.60891	0.99801
7	68371507	82.90312	2770	0.69747	0.99670
7	68444798	82.92529	2775	0.77599	0.98892
7	68544193	83.00240	2780	0.82812	0.98379
7	68705083	83.20810	2785	0.70987	0.98757
7	68794647	83.36552	2790	0.42504	0.99534
7	68922804	83.46083	2795	0.11083	0.99375
7	68990659	83.55653	2800	0.05780	0.98576
7	69051497	83.65504	2805	0.05804	0.97207
7	69157603	83.91431	2810	0.05560	0.92037
7	69274705	84.12275	2815	0.09090	0.80578
7	69467246	84.21462	2820	0.11308	0.70490
7	69694453	84.23264	2825	0.33354	0.74376
7	69988728	84.25023	2830	0.62226	0.53252
7	70149877	84.25812	2835	0.80430	0.53615
7	70339588	84.26927	2840	0.94096	0.68929
7	70497658	84.32137	2845	0.97460	0.74420
7	70679855	84.82095	2850	0.99133	0.69524
7	70875097	85.13757	2855	0.99575	0.65880
7	70952596	85.19662	2860	0.99618	0.68050
7	71086731	85.35281	2865	0.99631	0.76951
7	71184803	85.55611	2870	0.99665	0.72485
7	71264465	85.72098	2875	0.99524	0.68543
7	71420877	85.94992	2880	0.98697	0.75133
7	71507622	86.00729	2885	0.84164	0.90426
7	71643521	86.17285	2890	0.21677	0.93202
7	71750773	86.50363	2895	0.04136	0.79559
7	71825496	86.63114	2900	0.15996	0.47855
7	72132556	86.80602	2905	0.49520	0.18064
7	72293649	86.84081	2910	0.72153	0.29473
7	72607464	87.06409	2915	0.85164	0.46332
7	72755955	87.08179	2920	0.87954	0.88007
7	72867263	87.10860	2925	0.87885	0.96899
7	73518985	87.48621	2930	0.87953	0.97227
7	73672879	87.57870	2935	0.87810	0.90660
7	73998498	88.10699	2940	0.85864	0.72835
7	74169575	88.30782	2945	0.80301	0.39530
7	74339462	88.44137	2950	0.62171	0.06901
7	74575134	88.84042	2955	0.32092	0.01122
7	75418661	90.17616	2960	0.17909	0.01992
7	75614673	90.63621	2965	0.13064	0.03611
7	75674103	90.70371	2970	0.08774	0.03707
7	75807116	90.98610	2975	0.11408	0.02782
7	75841328	91.06281	2980	0.16746	0.02310
7	76073701	91.31696	2985	0.02328	0.01630
7	76206705	91.32268	2990	0.00068	0.02069
7	76279629	91.35889	2995	0.00203	0.04550
7	76436952	91.40803	3000	0.00702	0.11434
7	76670114	91.45500	3005	0.02907	0.10192
7	76806220	91.55215	3010	0.07827	0.21714
7	77144614	91.88886	3015	0.15652	0.35901
7	77248293	91.93341	3020	0.19846	0.49197
7	77385990	92.03661	3025	0.19355	0.58085
7	77588157	92.37691	3030	0.17118	0.58173
7	77774746	92.39747	3035	0.11405	0.52087
7	78043697	92.84780	3040	0.09610	0.28870
7	78203746	93.06203	3045	0.09059	0.12177
7	78325427	93.29876	3050	0.08285	0.06085
7	78404448	93.37394	3055	0.01552	0.24571
7	78534692	94.03970	3060	0.00379	0.44661
7	78622387	94.47433	3065	0.00231	0.42123
7	78725764	94.56953	3070	0.00095	0.49580
7	78841329	94.74192	3075	0.00175	0.52510
7	78904808	94.79084	3080	0.00359	0.48016
7	79016566	94.92857	3085	0.01058	0.34997
7	79159209	95.18501	3090	0.02015	0.23918
7	79307152	95.33564	3095	0.08595	0.11385
7	79369936	95.35376	3100	0.28895	0.03218
7	79435291	95.37943	3105	0.51148	0.03086
7	79485459	95.40090	3110	0.33072	0.06921
7	79558360	95.66302	3115	0.17902	0.19177
7	79728965	95.81193	3120	0.14118	0.45066
7	79812912	95.81660	3125	0.10200	0.43936
7	79893823	95.82548	3130	0.02200	0.22719
7	80025180	95.86396	3135	0.00512	0.23808
7	80057209	95.87458	3140	0.00393	0.23891
7	80106723	95.89359	3145	0.00190	0.28551
7	80139989	96.03295	3150	0.00152	0.34290
7	80374358	96.27211	3155	0.00138	0.30153
7	80495572	96.54285	3160	0.00194	0.22474
7	80675296	96.67467	3165	0.00408	0.13029
7	80736797	96.79556	3170	0.01464	0.09387
7	80926769	97.32465	3175	0.02876	0.10381
7	81005596	97.59512	3180	0.04625	0.11703
7	81146925	97.77222	3185	0.07292	0.03478
7	81245070	97.97115	3190	0.12872	0.02677
7	81439281	98.21697	3195	0.21602	0.01229
7	81492940	98.31429	3200	0.49564	0.00346
7	81614939	98.33820	3205	0.77396	0.00109
7	81802081	98.59615	3210	0.92243	0.00078
7	81907863	98.65886	3215	0.98725	0.00085
7	81976848	98.77850	3220	0.99676	0.00085
7	82105447	98.90810	3225	0.99929	0.00096
7	82201163	99.08678	3230	0.99981	0.00106
7	82259189	99.10748	3235	0.99959	0.00266
7	82386113	99.24445	3240	0.99929	0.00453
7	82479225	99.48932	3245	0.99959	0.00773
7	82570353	99.58057	3250	0.99923	0.01120
7	82642367	99.73618	3255	0.99737	0.02862
7	82753308	100.11929	3260	0.99619	0.06981
7	82877582	100.18223	3265	0.99071	0.31008
7	83245085	100.45792	3270	0.96515	0.78023
7	83299068	100.47942	3275	0.89622	0.93751
7	83401248	100.58935	3280	0.78954	0.98335
7	83456402	100.60061	3285	0.79024	0.99198
7	83582163	100.71854	3290	0.74319	0.99356
7	83707930	100.83898	3295	0.73949	0.99370
7	83892036	101.07082	3300	0.78769	0.99544
7	84021340	101.24805	3305	0.87873	0.99659
7	84206728	101.43095	3310	0.91656	0.99726
7	84281702	101.44398	3315	0.94583	0.99718
7	84408606	101.56997	3320	0.94373	0.99824
7	84579637	101.59254	3325	0.76560	0.99842
7	84809643	101.61212	3330	0.17766	0.99829
7	84898759	101.61939	3335	0.01533	0.99831
7	85066998	101.64816	3340	0.00080	0.99803
7	85122635	101.70650	3345	0.00006	0.99734
7	85248270	101.80510	3350	0.00018	0.99787
7	85393489	101.86317	3355	0.00073	0.99808
7	85518789	101.93491	3360	0.00348	0.99813
7	85628201	101.99722	3365	0.01518	0.99768
7	85699420	102.03124	3370	0.02983	0.99757
7	85839892	102.16946	3375	0.12243	0.99788
7	85981847	102.36594	3380	0.19802	0.99660
7	86060016	102.38506	3385	0.32397	0.99314
7	86381491	102.41481	3390	0.63595	0.98914
7	86480229	102.43393	3395	0.87174	0.98655
7	86631263	102.49804	3400	0.96112	0.99487
7	86958343	102.61012	3405	0.98120	0.99453
7	87022764	102.64542	3410	0.98928	0.90309
7	87226569	102.71806	3415	0.99559	0.75919
7	87293153	102.74181	3420	0.99836	0.53946
7	87738005	102.91482	3425	0.99188	0.56388
7	87811261	102.91663	3430	0.87168	0.72813
7	88072965	103.01614	3435	0.22530	0.77331
7	88291529	103.23322	3440	0.01839	0.96939
7	88556885	103.35999	3445	0.00082	0.79174
7	88957874	103.69125	3450	0.00057	0.72546
7	89028497	103.76820	3455	0.00081	0.78968
7	89162488	103.96102	3460	0.00136	0.86266
7	89328740	104.04153	3465	0.00543	0.96134
7	89505949	104.26380	3470	0.02110	0.98956
7	89633980	104.27834	3475	0.28378	0.99857
7	89739898	104.55573	3480	0.86971	0.99967
7	89890253	104.58688	3485	0.96931	0.99982
7	89975621	104.63784	3490	0.98524	0.99991
7	90012274	104.67966	3495	0.97365	0.99992
7	90087119	104.72688	3500	0.91755	0.99967
7	90252148	104.79990	3505	0.85919	0.99898
7	90408897	104.82443	3510	0.69546	0.99934
7	90750392	104.94070	3515	0.25498	0.99925
7	90807544	104.94666	3520	0.13932	0.99871
7	90853762	104.95654	3525	0.06538	0.99723
7	91191315	105.43859	3530	0.02127	0.99766
7	91409808	105.80186	3535	0.00690	0.99806
7	91594086	106.15328	3540	0.00235	0.99923
7	91891314	106.25156	3545	0.00207	0.99936
7	92231877	106.26375	3550	0.00171	0.99900
7	92461227	106.53955	3555	0.00205	0.99952
7	92625453	106.59081	3560	0.00281	0.99908
7	92925779	106.83253	3565	0.00330	0.99823
7	93193184	107.23429	3570	0.00457	0.99913
7	93437436	107.48252	3575	0.00751	0.99941
7	93660377	107.68349	3580	0.00468	0.99941
7	93750572	107.87833	3585	0.00425	0.99937
7	93897329	108.03152	3590	0.00652	0.99850
7	94020084	108.39129	3595	0.01464	0.99895
7	94097049	108.65847	3600	0.04449	0.99946
7	94219338	108.68657	3605	0.14897	0.99941
7	94323349	108.76682	3610	0.18132	0.99863
7	94722368	109.10963	3615	0.29606	0.99936
7	94867958	109.15814	3620	0.48211	0.99941
7	94969738	109.20180	3625	0.53651	0.99938
7	95179369	109.24831	3630	0.55924	0.99901
7	95394088	109.34874	3635	0.82570	0.99674
7	95570873	109.69341	3640	0.94819	0.98858
7	95627590	109.73243	3645	0.95379	0.98440
7	95830500	109.90701	3650	0.95329	0.97096
7	95930703	110.01798	3655	0.94104	0.95259
7	95969203	110.06049	3660	0.93613	0.94529
7	96084539	110.25916	3665	0.94189	0.94640
7	96340397	110.32178	3670	0.95388	0.96141
7	96569608	110.58369	3675	0.94482	0.97124
7	96803380	110.74592	3680	0.92132	0.97434
7	96925812	110.82913	3685	0.94503	0.96963
7	97285034	111.35161	3690	0.95550	0.96483
7	97347158	111.41326	3695	0.89190	0.94985
7	97452750	111.51918	3700	0.88544	0.97015
7	97685400	111.93368	3705	0.92287	0.98013
7	97795920	112.01665	3710	0.94352	0.97880
7	97919580	112.12873	3715	0.95004	0.98044
7	97941665	112.14831	3720	0.95244	0.97455
7	97989841	112.18979	3725	0.93058	0.97719
7	98066798	112.44374	3730	0.89408	0.97823
7	98163635	112.46336	3735	0.89079	0.97878
7	98376305	112.53385	3740	0.92940	0.97998
7	98511987	112.82217	3745	0.94473	0.97505
7	98718769	113.21865	3750	0.95437	0.96382
7	98942500	113.60200	3755	0.91375	0.90983
7	99143434	113.83203	3760	0.87583	0.81731
7	99292921	113.95150	3765	0.93795	0.78548
7	99723989	113.99271	3770	0.95016	0.86493
7	99780953	114.04672	3775	0.90120	0.92301
7	100065893	114.12261	3780	0.79400	0.93695
7	100491394	114.15285	3785	0.52639	0.93834
7	100766751	114.29405	3790	0.33466	0.95013
7	100847289	114.34073	3795	0.21119	0.96961
7	101070694	114.51489	3800	0.10255	0.98043
7	101245456	114.68050	3805	0.06417	0.98870
7	101290273	114.73413	3810	0.03787	0.99915
7	101367541	114.75786	3815	0.03697	0.99976
7	101439829	114.80966	3820	0.07727	0.99979
7	101524193	114.90735	3825	0.05889	0.99925
7	101676785	115.17704	3830	0.03613	0.99980
7	101726686	115.21080	3835	0.02066	0.99940
7	101781232	115.28834	3840	0.01537	0.99578
7	101968841	115.42341	3845	0.01413	0.96994
7	102079145	115.53174	3850	0.01524	0.88440
7	102390590	115.86443	3855	0.04013	0.74067
7	102472258	115.90582	3860	0.06600	0.62821
7	102778609	116.05217	3865	0.05735	0.66251
7	103053247	116.08935	3870	0.10041	0.51691
7	103150896	116.09563	3875	0.15960	0.38579
7	103371062	116.12579	3880	0.24704	0.26581
7	103475347	116.25764	3885	0.19495	0.32948
7	103590818	116.56652	3890	0.18849	0.33904
7	103724981	116.61474	3895	0.26167	0.25066
7	103863439	116.91932	3900	0.27866	0.23450
7	104152723	117.28468	3905	0.31428	0.20488
7	104215916	117.29685	3910	0.46275	0.11703
7	104296071	117.36477	3915	0.66100	0.03913
7	104386820	117.44180	3920	0.55401	0.00960
7	104483682	117.53167	3925	0.14063	0.00115
7	104522114	117.64680	3930	0.06720	0.00051
7	104593351	117.72635	3935	0.03021	0.00022
7	104745587	117.79467	3940	0.01907	0.00014
7	104998054	117.92425	3945	0.03781	0.00028
7	105051480	117.92580	3950	0.07196	0.00040
7	105170381	117.93359	3955	0.14643	0.00088
7	105384417	117.94363	3960	0.32673	0.00226
7	105509451	118.20058	3965	0.68075	0.01649
7	105584644	118.21366	3970	0.30227	0.05276
7	105697926	118.52374	3975	0.07836	0.17629
7	105787665	118.75802	3980	0.02031	0.29315
7	105970957	119.23730	3985	0.00364	0.48834
7	106120714	119.75723	3990	0.00512	0.50636
7	106167776	119.80488	3995	0.00393	0.59937
7	106348397	120.05513	4000	0.00445	0.70860
7	106454193	120.40809	4005	0.00374	0.73314
7	106546378	120.47686	4010	0.00404	0.65600
7	106760411	120.90029	4015	0.00985	0.58648
7	106997071	121.56641	4020	0.09271	0.42803
7	107095688	121.64008	4025	0.45993	0.27732
7	107384571	121.70206	4030	0.45622	0.17985
7	107510751	121.71317	4035	0.13932	0.22596
7	107654881	121.73495	4040	0.03997	0.35871
7	107942740	122.35361	4045	0.00873	0.67450
7	108130949	122.89951	4050	0.01041	0.68093
7	108350354	123.15745	4055	0.00784	0.71909
7	108451088	123.20987	4060	0.08491	0.82574
7	108500182	123.23101	4065	0.19396	0.90817
7	108689851	123.37957	4070	0.46737	0.94872
7	108759875	123.45708	4075	0.20363	0.96821
7	108966093	123.57441	4080	0.05594	0.97772
7	109095275	123.64659	4085	0.00636	0.97429
7	109189849	123.80363	4090	0.00119	0.95709
7	109250928	123.82467	4095	0.00026	0.91534
7	109349964	123.84776	4100	0.00018	0.63560
7	109417541	123.85553	4105	0.00040	0.29977
7	109595303	123.99741	4110	0.00117	0.08147
7	109704300	124.13768	4115	0.00416	0.03978
7	109965847	124.25482	4120	0.01942	0.01736
7	110193832	124.59184	4125	0.11817	0.01105
7	110410566	124.81863	4130	0.23815	0.00655
7	110534107	124.87228	4135	0.53126	0.00356
7	110627754	124.91092	4140	0.81076	0.00248
7	110856641	125.23620	4145	0.85557	0.00283
7	111388570	125.40295	4150	0.86127	0.00209
7	111506388	125.41290	4155	0.89277	0.00198
7	111753204	125.49909	4160	0.78157	0.00117
7	111906801	125.71008	4165	0.74207	0.00351
7	112166714	126.29595	4170	0.88450	0.01711
7	112344533	126.37269	4175	0.96989	0.04491
7	112416116	126.38264	4180	0.98877	0.04085
7	112582816	126.59550	4185	0.98972	0.02303
7	112771324	126.66254	4190	0.98746	0.01325
7	113028889	126.82176	4195	0.98700	0.00913
7	113213458	127.01956	4200	0.98639	0.00413
7	113504771	127.25690	4205	0.98014	0.00179
7	113517829	127.25964	4210	0.98388	0.00128
7	113536451	127.26124	4215	0.98362	0.00109
7	113790264	127.57551	4220	0.97521	0.00294
7	113956195	127.60147	4225	0.96879	0.02277
7	114082620	127.79166	4230	0.97639	0.07136
7	114327473	127.85715	4235	0.98831	0.07240
7	114655109	127.98339	4240	0.98913	0.02402
7	114984074	128.11354	4245	0.99599	0.00745
7	115173275	128.15669	4250	0.99673	0.00518
7	115337615	128.34647	4255	0.99405	0.00234
7	115508035	128.41460	4260	0.96332	0.00328
7	115729271	128.57225	4265	0.72002	0.00421
7	115799299	128.71239	4270	0.20020	0.01000
7	115912036	128.96077	4275	0.01838	0.05990
7	116241105	129.01027	4280	0.00317	0.07671
7	116409923	129.08167	4285	0.00079	0.24153
7	116527390	129.10097	4290	0.00093	0.33249
7	116935527	129.52049	4295	0.00232	0.37957
7	117076746	129.56853	4300	0.01052	0.42246
7	117341303	129.93797	4305	0.02746	0.34800
7	117463461	129.94836	4310	0.07659	0.28915
7	117617633	129.97092	4315	0.15261	0.13259
7	117970476	130.20808	4320	0.26844	0.06077
7	118047490	130.24156	4325	0.41506	0.02456
7	118142767	130.30286	4330	0.39931	0.00979
7	118299842	130.32437	4335	0.79775	0.00709
7	118397848	130.33670	4340	0.98346	0.01061
7	118564845	130.35568	4345	0.99872	0.03023
7	118626914	130.37555	4350	0.99986	0.05476
7	118680592	130.39543	4355	0.99969	0.10126
7	118864966	130.56633	4360	0.99990	0.14951
7	119018235	130.62148	4365	0.99989	0.36553
7	119214752	130.64418	4370	0.99977	0.42853
7	119432507	130.68518	4375	0.99953	0.42109
7	119620248	130.72845	4380	0.99915	0.57703
7	119866844	130.73929	4385	0.99816	0.80565
7	120140255	130.90366	4390	0.99747	0.88539
7	120387039	130.97174	4395	0.99756	0.92321
7	120629440	131.05240	4400	0.99841	0.94309
7	120874365	131.14012	4405	0.99851	0.95755
7	120900945	131.14186	4410	0.99869	0.95611
7	121065236	131.21259	4415	0.99859	0.96819
7	121195527	131.24597	4420	0.99837	0.98875
7	121315811	131.36653	4425	0.99806	0.99674
7	121449235	131.52875	4430	0.99656	0.99703
7	121715058	131.93723	4435	0.99620	0.99888
7	121848083	132.03856	4440	0.99526	0.99952
7	121996593	132.07211	4445	0.99282	0.99881
7	122416911	132.41014	4450	0.98966	0.99971
7	122610879	132.45004	4455	0.98352	0.99989
7	122715464	132.48683	4460	0.97625	0.99974
7	122959245	132.64738	4465	0.96653	0.99997
7	122996359	132.65123	4470	0.96131	0.99995
7	123094212	132.67201	4475	0.94079	0.99990
7	123215899	132.71684	4480	0.91595	0.99989
7	123378339	132.79614	4485	0.87742	0.99988
7	123518979	132.82220	4490	0.86742	0.99988
7	123653098	132.84999	4495	0.76087	0.99989
7	123761918	132.85583	4500	0.40286	0.99979
7	123943953	132.91232	4505	0.05708	0.99945
7	124004832	132.96785	4510	0.00473	0.99904
7	124146327	133.01350	4515	0.00120	0.99879
7	124242026	133.08925	4520	0.00024	0.99851
7	124289059	133.10080	4525	0.00013	0.99893
7	124365421	133.12523	4530	0.00006	0.99867
7	124466848	133.17529	4535	0.00013	0.99845
7	124605685	133.31514	4540	0.00037	0.99875
7	124663214	133.32280	4545	0.00282	0.99846
7	124853677	133.38942	4550	0.02535	0.99835
7	124980133	133.39348	4555	0.10015	0.99846
7	125004496	133.39589	4560	0.28677	0.99902
7	125248818	133.41928	4565	0.71847	0.99857
7	125460217	133.71576	4570	0.96290	0.99903
7	125656072	133.78122	4575	0.99310	0.99907
7	125744491	133.78693	4580	0.99783	0.99879
7	125842831	133.99263	4585	0.99870	0.99912
7	125903651	134.00381	4590	0.99963	0.99939
7	126046120	134.04364	4595	0.99976	0.99940
7	126113497	134.05525	4600	0.99972	0.99954
7	126251101	134.17940	4605	0.99983	0.99980
7	126378424	134.20747	4610	0.99985	0.99993
7	126526932	134.25552	4615	0.99984	0.99995
7	126769789	134.31094	4620	0.99980	0.99986
7	126926098	134.40562	4625	0.99913	0.99911
7	127241860	134.70114	4630	0.99985	0.99970
7	127428971	134.80995	4635	0.99996	0.99959
7	127580141	134.86646	4640	0.99999	0.99856
7	127759446	134.89009	4645	0.99995	0.99761
7	128033973	134.90594	4650	0.99943	0.99595
7	128214138	135.08142	4655	0.99721	0.99625
7	128437763	135.58340	4660	0.99807	0.99630
7	128540087	135.60283	4665	0.99597	0.99677
7	128652480	135.60469	4670	0.99005	0.99666
7	128867957	135.84946	4675	0.98319	0.99701
7	128997806	136.01247	4680	0.98141	0.99662
7	129281707	136.29472	4685	0.98943	0.99389
7	129524313	136.38799	4690	0.98044	0.99206
7	129647781	136.49405	4695	0.96639	0.98359
7	129846931	136.63370	4700	0.95542	0.97992
7	130006894	136.81766	4705	0.92312	0.97355
7	130141068	136.90289	4710	0.85393	0.98225
7	130339286	137.16789	4715	0.72444	0.98681
7	130538397	137.29214	4720	0.49602	0.98825
7	130800361	137.62187	4725	0.27783	0.99064
7	130912210	137.87325	4730	0.10036	0.98822
7	131050294	138.32617	4735	0.03181	0.95952
7	131094919	138.35239	4740	0.00983	0.65180
7	131181848	138.65800	4745	0.00222	0.86896
7	131287078	138.95476	4750	0.00158	0.92012
7	131517188	139.01088	4755	0.00216	0.86716
7	131604738	139.34581	4760	0.00290	0.80251
7	131683710	139.72636	4765	0.00598	0.92085
7	131775023	139.88608	4770	0.00913	0.95896
7	131924797	140.15465	4775	0.01232	0.98185
7	132057811	140.45676	4780	0.01664	0.98995
7	132167353	140.58246	4785	0.02215	0.99347
7	132209158	140.78452	4790	0.03839	0.99256
7	132404487	141.06233	4795	0.04885	0.94355
7	132594092	141.35173	4800	0.07245	0.55787
7	132639119	141.37392	4805	0.09014	0.09036
7	132760946	141.56053	4810	0.12627	0.00742
7	132913218	141.66574	4815	0.14455	0.00749
7	133092918	141.67946	4820	0.18319	0.02156
7	133462320	141.86848	4825	0.17693	0.08085
7	133905093	141.91086	4830	0.26450	0.11990
7	134021507	141.93573	4835	0.29480	0.29654
7	134162596	142.01846	4840	0.32780	0.21379
7	134305248	142.05116	4845	0.32006	0.64887
7	134397014	142.13829	4850	0.33804	0.78702
7	134591529	142.25978	4855	0.50045	0.65022
7	134729070	142.48920	4860	0.52786	0.26116
7	134838803	142.70551	4865	0.58556	0.09617
7	134910402	142.76297	4870	0.57469	0.05124
7	135012180	142.84612	4875	0.61205	0.03959
7	135132451	142.85030	4880	0.61173	0.05286
7	135258305	142.88184	4885	0.60957	0.05620
7	135300856	143.03700	4890	0.60509	0.07571
7	135418332	143.15088	4895	0.53329	0.10805
7	135608226	143.20164	4900	0.49861	0.20578
7	135698466	143.24068	4905	0.42487	0.38984
7	135806130	143.53670	4910	0.44298	0.55703
7	135986616	143.75743	4915	0.49913	0.82038
7	136090780	144.07851	4920	0.45743	0.59555
7	136228567	144.42403	4925	0.40843	0.59924
7	136415633	144.64003	4930	0.35605	0.38593
7	136595245	144.79170	4935	0.22520	0.35096
7	136777559	144.86230	4940	0.17851	0.21684
7	136921076	145.03543	4945	0.17499	0.07928
7	137055876	145.16905	4950	0.11908	0.19099
7	137223498	145.20958	4955	0.05316	0.56721
7	137336994	145.37585	4960	0.03553	0.76825
7	137374894	145.39471	4965	0.02271	0.80646
7	137582453	145.62466	4970	0.01005	0.71198
7	137654406	145.73392	4975	0.00934	0.46880
7	137881053	145.94095	4980	0.00583	0.30312
7	137933233	146.06265	4985	0.00469	0.24571
7	138062067	146.41858	4990	0.00463	0.22799
7	138145273	146.51398	4995	0.00415	0.17422
7	138320988	147.12935	5000	0.00405	0.18836
7	138626621	147.47606	5005	0.02085	0.86676
7	138777064	148.37933	5010	0.16408	0.98610
7	138874160	148.63748	5015	0.37818	0.99072
7	139026205	148.91664	5020	0.32458	0.97033
7	139111836	149.09512	5025	0.08554	0.95762
7	139427845	149.32828	5030	0.01992	0.92707
7	139467712	149.44319	5035	0.00568	0.95956
7	139642933	150.15211	5040	0.00239	0.97251
7	139697389	150.37617	5045	0.00093	0.97618
7	139816723	150.43452	5050	0.00362	0.96980
7	140024369	150.98312	5055	0.00909	0.91204
7	140201694	151.09970	5060	0.03087	0.59754
7	140339107	151.54384	5065	0.13581	0.29467
7	140381178	151.60617	5070	0.41179	0.17690
7	140461731	151.78806	5075	0.67226	0.07653
7	140650660	152.18600	5080	0.90331	0.03095
7	140774582	152.21727	5085	0.98150	0.01837
7	141088413	152.26312	5090	0.96070	0.01805
7	141416090	152.66347	5095	0.68934	0.01015
7	141671476	152.97906	5100	0.24221	0.00595
7	141854484	153.02618	5105	0.03677	0.00354
7	141993616	153.30640	5110	0.00445	0.00637
7	142240738	154.25322	5115	0.00120	0.00582
7	142399061	154.28317	5120	0.00152	0.00675
7	142540553	154.28317	5125	0.00262	0.00887
7	142654962	154.28349	5130	0.00587	0.01460
7	142888805	154.33621	5135	0.03465	0.01743
7	143006841	154.48105	5140	0.22953	0.03154
7	143327221	154.64380	5145	0.45688	0.01714
7	143467948	155.12193	5150	0.66546	0.01576
7	143971696	155.41830	5155	0.84492	0.02450
7	144259088	155.54160	5160	0.95320	0.20964
7	144439533	155.68733	5165	0.98044	0.75924
7	144576161	156.04933	5170	0.99114	0.97363
7	144720628	156.36656	5175	0.99566	0.99797
7	144926429	156.45815	5180	0.99770	0.99972
7	144997517	156.54070	5185	0.99764	0.99979
7	145129065	156.66354	5190	0.99687	0.99978
7	145240511	156.78963	5195	0.99808	0.99979
7	145290129	156.91685	5200	0.99878	0.99991
7	145418991	156.94713	5205	0.99713	0.99973
7	145490367	157.07301	5210	0.98962	0.99941
7	145552546	157.10074	5215	0.97823	0.98574
7	145665898	157.11490	5220	0.98109	0.72516
7	145749508	157.23975	5225	0.98433	0.08591
7	145880604	157.24516	5230	0.98600	0.00292
7	145999088	157.25981	5235	0.99657	0.00052
7	146132982	157.41125	5240	0.98982	0.00012
7	146223856	157.41562	5245	0.99586	0.00019
7	146414084	157.57959	5250	0.99736	0.00043
7	146513094	157.66211	5255	0.99245	0.00136
7	146575300	157.68750	5260	0.97330	0.00665
7	146648551	157.70044	5265	0.58108	0.14882
7	146774723	157.89565	5270	0.06168	0.68924
7	146905177	158.24898	5275	0.01550	0.97278
7	147059533	158.39294	5280	0.00178	0.94942
7	147120131	158.63548	5285	0.00033	0.90628
7	147300532	158.77711	5290	0.00008	0.67683
7	147376892	158.83786	5295	0.00012	0.15737
7	147496491	158.87601	5300	0.00157	0.00905
7	147588419	159.15094	5305	0.01934	0.00107
7	147633234	159.30121	5310	0.21831	0.00038
7	147740181	159.54170	5315	0.62693	0.00030
7	147810048	159.59305	5320	0.75752	0.00053
7	147892965	159.63530	5325	0.60040	0.00182
7	147990073	159.72124	5330	0.83302	0.00886
7	148054633	159.76201	5335	0.95087	0.05180
7	148157408	160.12170	5340	0.92542	0.08635
7	148230446	160.48288	5345	0.31485	0.26419
7	148306553	160.67908	5350	0.02543	0.53521
7	148357275	160.78763	5355	0.00519	0.47149
7	148524560	161.10123	5360	0.00313	0.48803
7	148730498	161.70392	5365	0.00157	0.82781
7	148931585	161.94341	5370	0.00292	0.96857
7	149142748	162.15303	5375	0.00640	0.97962
7	149348155	162.36340	5380	0.01626	0.93493
7	149576178	162.69080	5385	0.03539	0.69221
7	149771340	163.04700	5390	0.13536	0.27991
7	149804592	163.21553	5395	0.32859	0.08629
7	149882208	163.31033	5400	0.60447	0.02708
7	149928471	163.36932	5405	0.76965	0.00643
7	149984147	163.41165	5410	0.79825	0.00199
7	150004844	163.45346	5415	0.83648	0.00094
7	150059863	163.60002	5420	0.88677	0.00081
7	150138803	163.78796	5425	0.87635	0.00265
7	150296354	164.28322	5430	0.87456	0.00607
7	150491635	164.58647	5435	0.88274	0.03146
7	150511883	164.65729	5440	0.88908	0.10016
7	150581754	164.68874	5445	0.81224	0.42678
7	150719607	164.74652	5450	0.20900	0.58629
7	150837420	165.06268	5455	0.09039	0.18472
7	150890511	165.14789	5460	0.03478	0.02322
7	151249715	165.88641	5465	0.02027	0.00309
7	151333645	166.16510	5470	0.10030	0.00080
7	151409159	166.47237	5475	0.37425	0.00569
7	151556679	166.62410	5480	0.50892	0.07040
7	151765358	167.24933	5485	0.24453	0.48353
7	151869094	168.18961	5490	0.11136	0.90219
7	151964895	168.62595	5495	0.02803	0.99252
7	152232871	168.93030	5500	0.02366	0.99599
7	152604368	169.49664	5505	0.08127	0.99948
7	152703520	169.62267	5510	0.26204	0.99955
7	152824412	169.82048	5515	0.57593	0.99882
7	152904870	170.13226	5520	0.86246	0.99564
7	152986444	170.63747	5525	0.97602	0.94521
7	153054087	171.11012	5530	0.99411	0.60553
7	153138604	171.44304	5535	0.99855	0.09101
7	153234860	171.54173	5540	0.99886	0.00996
7	153308950	171.80255	5545	0.99963	0.00664
7	153330115	171.82607	5550	0.99804	0.00288
7	153392165	172.03802	5555	0.98985	0.00131
7	153531160	172.10335	5560	0.97419	0.00080
7	153657003	172.46513	5565	0.90668	0.00222
7	153745305	172.62367	5570	0.71556	0.02613
7	153828634	172.96207	5575	0.40473	0.19565
7	153952917	173.27699	5580	0.05701	0.21860
7	154046577	173.71638	5585	0.01137	0.07282
7	154189056	174.07774	5590	0.00273	0.01963
7	154217574	174.13100	5595	0.00400	0.00538
7	154417579	174.80397	5600	0.00376	0.00372
7	154460944	175.02788	5605	0.00520	0.00522
7	154610930	175.58549	5610	0.05066	0.01994
7	154639920	175.98894	5615	0.52158	0.04961
7	154680694	176.03416	5620	0.90702	0.08266
7	154781073	176.62833	5625	0.93426	0.09994
7	154897484	177.00481	5630	0.92454	0.12761
7	155068981	177.17719	5635	0.91490	0.14962
7	155132668	177.46805	5640	0.84201	0.29215
7	155230568	177.80074	5645	0.68589	0.44451
7	155344208	178.29504	5650	0.52774	0.66048
7	155414053	178.98027	5655	0.41314	0.81014
7	155487833	179.25314	5660	0.41141	0.93838
7	155606689	179.90546	5665	0.37143	0.98188
7	155763762	179.94269	5670	0.33503	0.98401
7	155925135	180.83943	5675	0.46078	0.98991
7	155984534	181.07956	5680	0.33824	0.99678
7	156052462	181.47087	5685	0.07224	0.99782
7	156090018	181.56828	5690	0.01450	0.97423
7	156239785	181.96579	5695	0.00463	0.90962
7	156285079	182.25676	5700	0.00354	0.72481
7	156367441	182.40396	5705	0.00171	0.33148
7	156494329	182.69958	5710	0.00085	0.10278
7	156593163	183.01433	5715	0.02885	0.01686
7	156789035	183.20033	5720	0.26019	0.00387
7	156873224	183.20648	5725	0.76101	0.00019
7	156986592	183.25916	5730	0.96125	0.00031
7	157064187	183.47513	5735	0.99701	0.00082
7	157124748	183.55363	5740	0.99925	0.00437
7	157367663	183.72659	5745	0.99750	0.00973
7	157466285	183.94536	5750	0.98538	0.01968
7	157574831	184.08653	5755	0.95263	0.02593
7	157716096	184.28558	5760	0.85448	0.04246
7	157793013	184.52173	5765	0.60746	0.09264
7	157860437	184.92590	5770	0.82220	0.14628
7	157921026	185.19313	5775	0.90449	0.22850
7	157965437	185.30267	5780	0.93791	0.20220
7	158025426	185.58247	5785	0.82188	0.30447
7	158150018	185.83249	5790	0.66146	0.42861
7	158284042	186.12489	5795	0.59120	0.57813
7	158370738	186.19539	5800	0.71893	0.67408
7	158482807	186.41376	5805	0.91442	0.67914
7	158646748	186.46135	5810	0.95579	0.68942
7	158729935	186.49211	5815	0.85006	0.69078
7	158962510	186.64595	5820	0.79020	0.66461
7	159074486	186.78563	5825	0.63146	0.55980
